timestamp,open,high,low,close,volume(btc),volume(currency),weightedprice
1642118400,42579.440000000000,42621.250000000000,42573.050000000000,42621.220000000000,0.075603150000,3219.670601136000,42586.461028885701
1642118460,42622.960000000000,42623.250000000000,42578.180000000000,42578.180000000000,0.529889950000,22583.433282416700,42619.100970714201
1642118520,42553.190000000000,42553.190000000000,42458.610000000000,42458.610000000000,2.471119950000,105014.489110250100,42496.718587153205
1642118580,42440.660000000000,42483.060000000000,42398.990000000000,42398.990000000000,6.097256250000,258859.523631363200,42455.083568344892
1642118640,42441.970000000000,42441.970000000000,42388.880000000000,42429.410000000000,0.617037600000,26157.315026108700,42391.768388358668
1642118700,42433.140000000000,42457.210000000000,42425.630000000000,42448.610000000000,0.967465220000,41046.453823478200,42426.800441961314
1642118760,42474.720000000000,42484.310000000000,42474.720000000000,42484.310000000000,0.009450000000,401.402177000000,42476.420846560847
1642118820,42471.290000000000,42498.420000000000,42454.230000000000,42498.420000000000,0.023771300000,1009.548645999000,42469.223222920075
1642118880,42513.900000000000,42560.730000000000,42491.800000000000,42549.510000000000,0.822517220000,34951.585611253500,42493.439360763171
1642118940,42544.870000000000,42587.420000000000,42544.870000000000,42573.820000000000,0.131213120000,5584.583825730400,42561.169384055497
1642119000,42635.950000000000,42647.350000000000,42606.540000000000,42625.610000000000,0.246380520000,10505.392680522000,42638.893206824956
1642119060,42634.780000000000,42634.780000000000,42604.320000000000,42623.750000000000,0.095730060000,4080.365892701200,42623.663796943197
1642119120,42622.650000000000,42623.750000000000,42539.260000000000,42539.260000000000,3.478943830000,148011.824638080900,42545.045815839142
1642119180,42573.950000000000,42594.920000000000,42524.500000000000,42594.920000000000,0.278726990000,11860.455569796500,42552.232095630568
1642119240,42642.790000000000,42693.960000000000,42642.790000000000,42690.230000000000,0.054380710000,2321.344925047100,42686.918303330353
1642119300,42693.970000000000,42748.770000000000,42681.640000000000,42748.770000000000,2.723770020000,116356.656642357100,42718.972522635042
1642119360,42741.970000000000,42749.350000000000,42715.500000000000,42715.500000000000,0.395229840000,16890.129680362400,42734.955640906061
1642119420,42745.200000000000,42754.590000000000,42713.490000000000,42717.490000000000,0.210070720000,8974.479729343000,42721.230875692719
1642119480,42742.970000000000,42763.180000000000,42741.450000000000,42747.870000000000,0.020530000000,877.616079743500,42747.982452191915
1642119540,42745.660000000000,42745.660000000000,42720.000000000000,42723.660000000000,0.018248970000,780.016626970200,42743.049441705478
1642119600,42704.110000000000,42720.870000000000,42688.960000000000,42688.960000000000,5.045648520000,215416.609041369400,42693.542403419214
1642119660,42720.400000000000,42751.870000000000,42649.250000000000,42683.340000000000,5.289324590000,225629.365112961900,42657.500267526955
1642119720,42664.340000000000,42670.930000000000,42661.130000000000,42662.520000000000,0.027770000000,1184.769041300000,42663.631303564997
1642119780,42673.080000000000,42673.080000000000,42591.680000000000,42605.110000000000,4.134361900000,176219.539463634700,42623.152913545062
1642119840,42598.610000000000,42598.630000000000,42598.610000000000,42598.610000000000,0.080466570000,3427.764058467700,42598.610310688029
1642119900,42580.690000000000,42612.190000000000,42580.690000000000,42604.660000000000,0.453264780000,19308.030078386700,42597.684466873204
1642119960,42610.980000000000,42629.370000000000,42610.980000000000,42629.370000000000,0.842126410000,35895.625893181800,42624.985354849280
1642120020,42598.250000000000,42598.250000000000,42571.010000000000,42579.730000000000,0.090690340000,3862.608050024400,42591.173988590185
1642120080,42577.730000000000,42577.730000000000,42540.640000000000,42542.850000000000,0.062199010000,2647.139009133200,42559.182358902497
1642120140,42535.060000000000,42535.060000000000,42505.000000000000,42515.070000000000,0.227136570000,9655.147629001200,42508.115839739942
1642120200,42523.920000000000,42562.610000000000,42523.920000000000,42562.610000000000,0.056770000000,2415.400683500000,42547.131997533909
1642120260,42562.610000000000,42590.400000000000,42544.000000000000,42590.400000000000,0.209013710000,8892.549769054500,42545.294129531026
1642120320,42599.530000000000,42607.050000000000,42599.530000000000,42607.050000000000,0.034920000000,1487.828334800000,42606.767892325315
1642120380,42604.840000000000,42610.150000000000,42604.840000000000,42610.150000000000,0.642720190000,27385.009037685000,42607.980056896921
1642120440,42625.530000000000,42628.790000000000,42607.160000000000,42628.790000000000,0.054010000000,2301.362512300000,42609.933573412331
1642120500,42628.800000000000,42668.460000000000,42628.800000000000,42668.460000000000,0.446830000000,19053.170485264700,42640.759316215786
1642120560,42663.160000000000,42691.030000000000,42663.160000000000,42689.360000000000,0.037450000000,1598.437958000000,42681.921441922563
1642120620,42717.170000000000,42717.170000000000,42677.110000000000,42704.060000000000,2.291522350000,97823.531882404800,42689.320434690414
1642120680,42687.430000000000,42690.160000000000,42665.740000000000,42665.740000000000,0.230960600000,9858.553975086000,42685.003308295873
1642120740,42672.750000000000,42687.630000000000,42672.750000000000,42687.630000000000,0.015698460000,669.970404449800,42677.460365526299
1642120800,42714.250000000000,42714.250000000000,42679.940000000000,42679.940000000000,0.037972540000,1621.482148365800,42701.440260930661
1642120860,42697.060000000000,42719.480000000000,42687.940000000000,42712.260000000000,0.061738670000,2636.642078094200,42706.492998540461
1642120920,42712.660000000000,42771.300000000000,42712.660000000000,42748.490000000000,1.403528360000,59999.397775460000,42748.974288955586
1642120980,42752.900000000000,42762.780000000000,42741.240000000000,42762.780000000000,0.579347770000,24763.942681515800,42744.520586513693
1642121040,42759.170000000000,42781.670000000000,42740.270000000000,42781.670000000000,0.140420000000,6002.357323800000,42745.743653325737
1642121100,42787.480000000000,42787.480000000000,42729.250000000000,42729.250000000000,0.457116000000,19548.399090933400,42764.635433748546
1642121160,42746.980000000000,42757.780000000000,42735.920000000000,42743.610000000000,1.210106890000,51724.842314685200,42744.027607912554
1642121220,42752.440000000000,42755.180000000000,42739.660000000000,42749.930000000000,0.488248530000,20868.067333113200,42740.665974177536
1642121280,42732.310000000000,42744.370000000000,42722.120000000000,42729.190000000000,0.031689990000,1354.008128193400,42726.682090887375
1642121340,42703.640000000000,42705.820000000000,42676.930000000000,42700.960000000000,0.197435390000,8427.135231227200,42683.002430451805
1642121400,42706.460000000000,42709.560000000000,42701.810000000000,42709.140000000000,0.038715420000,1653.504786815200,42709.204415584281
1642121460,42704.760000000000,42704.760000000000,42704.760000000000,42704.760000000000,0.004530000000,193.452562800000,42704.760000000000
1642121520,42709.270000000000,42709.270000000000,42685.460000000000,42699.440000000000,0.060563650000,2585.464620254000,42690.039656691762
1642121580,42706.850000000000,42740.380000000000,42706.850000000000,42732.410000000000,0.602528960000,25751.745756106500,42739.432401898989
1642121640,42730.220000000000,42765.080000000000,42730.220000000000,42765.080000000000,0.403360000000,17235.745152800000,42730.427292740976
1642121700,42776.180000000000,42787.240000000000,42770.130000000000,42787.240000000000,0.080194770000,3429.997335620100,42770.835749265195
1642121760,42783.380000000000,42784.380000000000,42767.350000000000,42767.350000000000,0.226068230000,9668.779138090500,42769.296411488248
1642121820,42788.000000000000,42807.480000000000,42781.020000000000,42781.020000000000,0.015048000000,644.101877752300,42803.155087207602
1642121880,42798.380000000000,42808.690000000000,42798.380000000000,42808.690000000000,0.242960960000,10400.687460567000,42808.060441344157
1642121940,42807.680000000000,42807.680000000000,42762.990000000000,42784.950000000000,0.075631880000,3236.524044629200,42793.119047539213
1642122000,42784.930000000000,42784.930000000000,42725.770000000000,42725.930000000000,0.074700000000,3192.400549000000,42736.285796519411
1642122060,42717.400000000000,42736.850000000000,42717.400000000000,42736.850000000000,0.169883490000,7258.816535292100,42728.204696595885
1642122120,42734.250000000000,42737.170000000000,42704.740000000000,42719.800000000000,0.097903450000,4183.305373796500,42728.886201625172
1642122180,42747.280000000000,42765.680000000000,42747.280000000000,42765.680000000000,0.070483620000,3013.102026053600,42748.968143997145
1642122240,42778.320000000000,42786.380000000000,42778.320000000000,42786.380000000000,0.004269530000,182.659924189600,42782.208858961057
1642122300,42796.490000000000,42802.150000000000,42768.260000000000,42789.980000000000,0.045821170000,1960.888604791200,42794.380955161119
1642122360,42798.110000000000,42798.110000000000,42787.680000000000,42787.680000000000,0.001439950000,61.619598230300,42792.873523594569
1642122420,42766.790000000000,42799.690000000000,42766.790000000000,42799.690000000000,0.112882350000,4827.747036704500,42767.952976745257
1642122480,42782.160000000000,42804.380000000000,42782.160000000000,42791.980000000000,0.055208770000,2362.327695117400,42788.993399371151
1642122540,42777.540000000000,42777.540000000000,42756.350000000000,42762.460000000000,0.030600000000,1308.573443800000,42763.838032679739
1642122600,42755.200000000000,42755.200000000000,42755.200000000000,42755.200000000000,0.046767020000,1999.533293504000,42755.200000000000
1642122660,42743.260000000000,42743.260000000000,42720.530000000000,42738.630000000000,0.053788010000,2298.819516626300,42738.512107555197
1642122720,42726.770000000000,42726.770000000000,42726.770000000000,42726.770000000000,0.050000000000,2136.338500000000,42726.770000000000
1642122840,42725.540000000000,42728.510000000000,42706.850000000000,42711.620000000000,1.409082910000,60178.271174940800,42707.402628948782
1642122900,42719.670000000000,42719.670000000000,42690.870000000000,42704.550000000000,0.079787030000,3408.394256849700,42718.650598345370
1642123080,42668.500000000000,42704.010000000000,42668.500000000000,42704.010000000000,0.417124030000,17812.266574748200,42702.566367965423
1642123140,42719.670000000000,42750.330000000000,42719.670000000000,42742.230000000000,0.040230000000,1719.311928000000,42737.060104399702
1642123200,42750.780000000000,42752.850000000000,42728.570000000000,42737.490000000000,0.051305610000,2193.012632877700,42744.109910742705
1642123260,42737.490000000000,42746.420000000000,42670.190000000000,42695.110000000000,0.545929600000,23306.551903527100,42691.497041975925
1642123320,42701.080000000000,42704.180000000000,42675.840000000000,42682.990000000000,0.077720200000,3318.369297500400,42696.355612831671
1642123380,42692.570000000000,42692.570000000000,42683.920000000000,42683.920000000000,0.053040000000,2264.316504900000,42690.733501131222
1642123440,42683.540000000000,42694.280000000000,42681.120000000000,42694.240000000000,0.023980000000,1023.769502300000,42692.639795663052
1642123500,42678.390000000000,42687.380000000000,42661.480000000000,42687.380000000000,0.319342160000,13625.963328599900,42668.851894156099
1642123560,42718.710000000000,42718.710000000000,42707.240000000000,42707.240000000000,0.009970000000,425.875028500000,42715.649799398195
1642123620,42710.080000000000,42710.080000000000,42688.400000000000,42688.400000000000,0.217446050000,9282.677104144000,42689.564166118446
1642123680,42694.220000000000,42701.140000000000,42670.920000000000,42678.520000000000,0.029140000000,1243.928069200000,42687.991393273850
1642123740,42660.350000000000,42678.650000000000,42649.820000000000,42649.820000000000,3.348676080000,142895.336565029900,42672.188396624465
1642123800,42633.480000000000,42674.360000000000,42631.130000000000,42674.360000000000,0.162313870000,6920.511203317300,42636.597866327136
1642123860,42634.280000000000,42653.040000000000,42627.270000000000,42631.940000000000,0.124455090000,5307.334428673600,42644.575072611333
1642123920,42601.660000000000,42635.670000000000,42601.650000000000,42635.670000000000,1.113669820000,47444.768770505500,42602.185960741488
1642123980,42634.300000000000,42635.670000000000,42621.410000000000,42629.600000000000,0.072248850000,3080.222760678500,42633.519574062425
1642124040,42627.810000000000,42676.760000000000,42627.810000000000,42676.760000000000,0.013443210000,573.618301499600,42669.741936605915
1642124100,42671.890000000000,42686.430000000000,42670.590000000000,42680.020000000000,0.318271370000,13581.573969630300,42672.936524671698
1642124160,42676.930000000000,42676.930000000000,42676.930000000000,42676.930000000000,0.023612000000,1007.687671160000,42676.930000000000
1642124220,42687.810000000000,42693.540000000000,42687.810000000000,42689.100000000000,0.011800000000,503.759803800000,42691.508796610170
1642124280,42697.510000000000,42703.630000000000,42697.470000000000,42697.470000000000,0.013885580000,592.930622255400,42701.177931019086
1642124340,42700.250000000000,42700.250000000000,42698.930000000000,42700.250000000000,0.007450000000,318.113166500000,42699.753892617450
1642124400,42713.480000000000,42713.480000000000,42668.840000000000,42668.840000000000,0.108247940000,4619.612075614300,42676.212365928626
1642124460,42661.510000000000,42661.510000000000,42629.600000000000,42639.930000000000,0.057693560000,2460.407328220400,42646.134650390789
1642124520,42643.490000000000,42648.470000000000,42607.720000000000,42607.720000000000,0.260353080000,11094.890125990400,42614.783454800688
1642124580,42609.540000000000,42610.730000000000,42575.970000000000,42585.940000000000,1.389836960000,59193.508958409000,42590.253865754872
1642124640,42584.340000000000,42604.250000000000,42584.340000000000,42604.250000000000,3.601396120000,153421.905890953300,42600.675065689053
1642124700,42575.450000000000,42613.580000000000,42560.220000000000,42613.580000000000,0.371426530000,15813.812177931400,42575.882174952339
1642124760,42619.140000000000,42629.790000000000,42612.300000000000,42629.790000000000,0.135592820000,5778.943783686000,42619.836239750748
1642124820,42612.750000000000,42633.460000000000,42605.840000000000,42633.460000000000,0.049209230000,2097.379521935800,42621.669185553198
1642124880,42630.640000000000,42633.510000000000,42630.640000000000,42633.510000000000,0.009630000000,410.558560000000,42633.287642782970
1642124940,42622.000000000000,42665.460000000000,42622.000000000000,42637.970000000000,1.065882920000,45453.392368350500,42643.888475434525
1642125060,42629.800000000000,42629.800000000000,42629.800000000000,42629.800000000000,0.001110000000,47.319078000000,42629.800000000000
1642125120,42626.390000000000,42626.390000000000,42626.390000000000,42626.390000000000,0.038000000000,1619.802820000000,42626.390000000000
1642125180,42626.050000000000,42658.900000000000,42626.050000000000,42639.880000000000,0.767548560000,32725.655050932500,42636.592336167630
1642125240,42657.630000000000,42660.310000000000,42657.630000000000,42660.310000000000,0.022646000000,966.067568980000,42659.523491124260
1642125300,42659.740000000000,42659.740000000000,42630.900000000000,42638.100000000000,0.030190000000,1287.748962600000,42654.818237827095
1642125360,42642.380000000000,42642.380000000000,42587.970000000000,42614.380000000000,0.022652940000,965.333324015000,42614.041445172237
1642125420,42596.030000000000,42599.410000000000,42581.870000000000,42593.990000000000,0.386134940000,16445.726922295400,42590.621098146157
1642125480,42596.440000000000,42601.640000000000,42575.140000000000,42594.860000000000,1.427421530000,60804.952334284100,42597.754802174030
1642125540,42622.310000000000,42622.310000000000,42618.050000000000,42620.350000000000,0.041300000000,1760.239905700000,42620.820961259080
1642125600,42609.940000000000,42612.430000000000,42584.290000000000,42612.430000000000,0.592034460000,25215.594608849400,42591.430588093470
1642125660,42611.190000000000,42611.730000000000,42588.040000000000,42588.040000000000,0.454978820000,19382.455948158600,42600.787324910201
1642125720,42576.770000000000,42576.770000000000,42565.670000000000,42569.240000000000,0.349888000000,14893.561206680000,42566.653348157124
1642125780,42555.640000000000,42583.640000000000,42549.000000000000,42583.640000000000,0.192378050000,8188.477217454000,42564.508879542130
1642125840,42583.640000000000,42626.980000000000,42583.640000000000,42626.980000000000,0.053201150000,2266.622012322500,42604.755955886292
1642125900,42629.350000000000,42629.350000000000,42629.220000000000,42629.220000000000,0.009540000000,406.683434800000,42629.290859538784
1642125960,42611.500000000000,42629.350000000000,42611.500000000000,42619.080000000000,0.010010000000,426.577452900000,42615.130159840160
1642126020,42602.000000000000,42606.320000000000,42583.920000000000,42592.800000000000,0.042030000000,1790.238296800000,42594.296854627647
1642126080,42583.920000000000,42583.920000000000,42579.540000000000,42579.550000000000,0.078796800000,3355.149265440000,42579.765490984405
1642126140,42554.890000000000,42562.220000000000,42554.890000000000,42562.220000000000,0.001550000000,65.967776000000,42559.855483870968
1642126200,42558.390000000000,42558.390000000000,42534.940000000000,42534.940000000000,0.044294780000,1884.336086895400,42540.816026073501
1642126260,42505.950000000000,42538.480000000000,42505.000000000000,42507.470000000000,2.701458230000,114840.649702943200,42510.614610888579
1642126320,42525.160000000000,42525.160000000000,42491.580000000000,42493.770000000000,0.160864600000,6835.940802388500,42494.997671262042
1642126380,42517.550000000000,42524.820000000000,42491.580000000000,42491.580000000000,0.035270000000,1498.722326400000,42492.836019279841
1642126440,42513.450000000000,42516.210000000000,42513.450000000000,42516.210000000000,0.014560000000,619.007313600000,42514.238571428571
1642126500,42509.300000000000,42509.300000000000,42458.240000000000,42462.090000000000,0.917988240000,39001.361654389200,42485.687675464339
1642126560,42467.470000000000,42473.900000000000,42467.470000000000,42473.900000000000,0.042437000000,1802.332212900000,42470.773450055377
1642126620,42455.150000000000,42518.940000000000,42455.150000000000,42501.800000000000,0.127300000000,5406.927220613100,42473.898040951296
1642126680,42501.070000000000,42515.320000000000,42490.940000000000,42515.320000000000,0.037582620000,1597.396669862800,42503.600596839709
1642126740,42515.220000000000,42522.500000000000,42500.520000000000,42500.520000000000,0.247026250000,10501.399801197000,42511.270770604338
1642126800,42513.510000000000,42536.090000000000,42513.510000000000,42536.090000000000,0.093910000000,3992.633621900000,42515.532125439251
1642126860,42554.830000000000,42562.750000000000,42543.770000000000,42562.750000000000,0.021286140000,905.967685456200,42561.389028550973
1642126920,42562.750000000000,42562.750000000000,42552.630000000000,42552.630000000000,0.018280000000,777.882218600000,42553.731870897155
1642126980,42563.040000000000,42580.010000000000,42563.040000000000,42570.540000000000,0.010380000000,441.857103400000,42568.121714836224
1642127040,42580.150000000000,42580.150000000000,42569.030000000000,42569.030000000000,0.017630000000,750.516240500000,42570.405019852524
1642127100,42579.540000000000,42582.030000000000,42564.550000000000,42564.550000000000,0.006200000000,263.928115800000,42569.050935483871
1642127160,42554.530000000000,42558.100000000000,42541.870000000000,42556.530000000000,0.083049940000,3534.149137267600,42554.505605513983
1642127220,42587.580000000000,42587.580000000000,42587.580000000000,42587.580000000000,0.001270000000,54.086226600000,42587.580000000000
1642127280,42584.740000000000,42584.740000000000,42580.550000000000,42580.550000000000,0.011287500000,480.647305450000,42582.264048726467
1642127340,42578.440000000000,42641.840000000000,42578.440000000000,42641.840000000000,0.536707270000,22869.076635084600,42609.962475605371
1642127400,42662.260000000000,42663.860000000000,42652.650000000000,42654.230000000000,0.071104080000,3032.947944536000,42655.047987907304
1642127460,42640.690000000000,42640.690000000000,42621.200000000000,42622.930000000000,0.057651420000,2457.314593204000,42623.661190027930
1642127520,42614.920000000000,42614.920000000000,42576.060000000000,42576.060000000000,0.071830000000,3059.925028600000,42599.540980091883
1642127580,42572.810000000000,42579.510000000000,42565.850000000000,42579.510000000000,0.055013610000,2342.015437344100,42571.564333700333
1642127640,42578.490000000000,42628.100000000000,42577.810000000000,42628.100000000000,0.059532800000,2535.234860168000,42585.513534858094
1642127700,42634.710000000000,42640.630000000000,42634.710000000000,42636.550000000000,0.024190000000,1031.402673700000,42637.564022323275
1642127760,42662.920000000000,42684.370000000000,42662.920000000000,42684.370000000000,0.011720000000,500.239580900000,42682.558097269625
1642127820,42674.610000000000,42679.200000000000,42670.890000000000,42679.200000000000,0.094836840000,4047.443945732400,42677.971405757509
1642127880,42700.000000000000,42702.720000000000,42700.000000000000,42702.450000000000,0.034640000000,1479.180044542000,42701.502440588915
1642127940,42686.060000000000,42694.640000000000,42670.310000000000,42670.310000000000,0.009312380000,397.429185481800,42677.509453201008
1642128000,42670.310000000000,42706.440000000000,42670.310000000000,42706.440000000000,0.002338020000,99.844969386200,42704.925272752158
1642128060,42705.030000000000,42705.030000000000,42682.700000000000,42686.270000000000,0.079209510000,3381.227489079800,42687.140585515552
1642128120,42709.110000000000,42709.110000000000,42691.050000000000,42691.050000000000,0.018310520000,781.937328846000,42704.266664518539
1642128180,42724.590000000000,42727.430000000000,42705.880000000000,42711.480000000000,0.072812500000,3110.188722600000,42715.038250300429
1642128240,42736.190000000000,42740.900000000000,42716.170000000000,42716.170000000000,0.632172250000,27018.844414127500,42739.687504675347
1642128300,42735.260000000000,42735.260000000000,42709.300000000000,42718.730000000000,0.916615820000,39152.317706526200,42713.988622328382
1642128360,42714.070000000000,42714.070000000000,42709.690000000000,42709.700000000000,0.009100000000,388.662778100000,42710.195395604396
1642128420,42712.870000000000,42729.000000000000,42712.870000000000,42729.000000000000,0.001740000000,74.336412200000,42722.075977011494
1642128480,42733.970000000000,42741.420000000000,42727.980000000000,42732.400000000000,0.166432960000,7112.019873545500,42732.039816785690
1642128540,42744.000000000000,42744.870000000000,42723.530000000000,42736.560000000000,0.273966180000,11706.679712878900,42730.382680369161
1642128600,42750.610000000000,42750.610000000000,42748.400000000000,42748.400000000000,0.007100000000,303.523054600000,42749.726000000000
1642128660,42756.840000000000,42759.490000000000,42741.670000000000,42744.760000000000,0.209023530000,8934.240164995100,42742.748459922670
1642128720,42732.970000000000,42745.870000000000,42728.530000000000,42735.950000000000,0.084855690000,3625.907951046100,42730.286572958159
1642128780,42737.840000000000,42742.440000000000,42734.870000000000,42734.870000000000,0.033206000000,1419.292590240000,42742.052347166175
1642128840,42747.740000000000,42747.740000000000,42695.820000000000,42695.820000000000,0.959013250000,40959.319446883900,42709.857707267235
1642128900,42710.680000000000,42732.760000000000,42710.680000000000,42732.760000000000,0.184802550000,7894.734745538000,42719.836633953373
1642128960,42726.430000000000,42726.430000000000,42712.570000000000,42717.660000000000,0.460495770000,19671.270167387500,42717.591450161421
1642129020,42732.910000000000,42733.470000000000,42721.770000000000,42727.050000000000,0.463083370000,19788.514360529200,42732.077294266042
1642129080,42724.870000000000,42753.680000000000,42717.550000000000,42753.680000000000,0.005430000000,232.004052500000,42726.344843462247
1642129140,42755.060000000000,42763.450000000000,42746.580000000000,42746.580000000000,0.017535770000,749.747762266600,42755.337362807565
1642129200,42749.180000000000,42754.470000000000,42749.180000000000,42754.470000000000,0.015270000000,652.795848600000,42750.219292730844
1642129260,42759.080000000000,42763.360000000000,42753.440000000000,42753.440000000000,0.346756470000,14828.046152637800,42762.132607468867
1642129320,42735.260000000000,42737.770000000000,42735.260000000000,42737.770000000000,0.016820000000,718.833152100000,42736.810469678954
1642129380,42704.290000000000,42718.110000000000,42704.290000000000,42714.900000000000,0.069900000000,2985.479630100000,42710.724321888412
1642129440,42714.040000000000,42715.180000000000,42714.000000000000,42715.180000000000,0.757573420000,32359.800762280000,42715.068807825913
1642129500,42701.480000000000,42701.480000000000,42696.750000000000,42696.750000000000,0.004490000000,191.724631400000,42700.363340757238
1642129620,42719.680000000000,42721.540000000000,42719.680000000000,42721.540000000000,0.002640000000,112.781034000000,42720.088636363636
1642129680,42715.270000000000,42722.370000000000,42715.270000000000,42718.540000000000,0.015060000000,643.350375000000,42719.148406374502
1642129740,42709.830000000000,42736.580000000000,42709.830000000000,42729.040000000000,0.004310000000,184.149456500000,42726.091995359629
1642129800,42732.770000000000,42732.770000000000,42729.150000000000,42729.150000000000,0.008560000000,365.788710200000,42732.325957943925
1642129860,42690.500000000000,42690.500000000000,42642.670000000000,42653.550000000000,0.362358230000,15456.158425888500,42654.360095225379
1642129920,42649.160000000000,42657.790000000000,42636.070000000000,42657.680000000000,0.018652820000,795.428573731200,42643.877640549794
1642129980,42658.750000000000,42658.750000000000,42647.220000000000,42647.220000000000,0.016140000000,688.361297300000,42649.398841387856
1642130040,42651.450000000000,42677.160000000000,42636.760000000000,42671.260000000000,0.076372870000,3257.232924505400,42649.083693010358
1642130100,42647.200000000000,42647.200000000000,42639.560000000000,42639.560000000000,0.016780000000,715.512931200000,42640.818307508939
1642130160,42626.560000000000,42637.140000000000,42618.660000000000,42637.140000000000,0.624852990000,26630.457069659200,42618.755924748316
1642130220,42643.270000000000,42654.740000000000,42643.270000000000,42654.740000000000,0.007860000000,335.259508600000,42653.881501272265
1642130280,42655.830000000000,42655.830000000000,42655.830000000000,42655.830000000000,0.000650000000,27.726289500000,42655.830000000000
1642130340,42669.300000000000,42669.300000000000,42653.980000000000,42653.980000000000,0.045625520000,1946.273395894400,42657.560853978212
1642130400,42651.530000000000,42651.530000000000,42649.660000000000,42649.660000000000,0.005694900000,242.892888297000,42650.948795764631
1642130460,42657.630000000000,42673.450000000000,42657.630000000000,42671.610000000000,0.208073860000,8877.990864881600,42667.497324659619
1642130520,42639.110000000000,42639.110000000000,42622.290000000000,42636.370000000000,0.076078490000,3243.253057270100,42630.355272168257
1642130640,42670.260000000000,42684.150000000000,42665.570000000000,42684.150000000000,1.042488750000,44482.581970728900,42669.603840548783
1642130700,42681.640000000000,42681.640000000000,42681.640000000000,42681.640000000000,0.006810000000,290.661968400000,42681.640000000000
1642130760,42666.520000000000,42678.710000000000,42666.520000000000,42678.710000000000,0.190950000000,8148.938690700000,42675.772142969364
1642130820,42683.550000000000,42686.150000000000,42683.550000000000,42686.150000000000,0.010590000000,452.029662500000,42684.576251180359
1642130880,42666.520000000000,42666.560000000000,42666.520000000000,42666.560000000000,0.029000000000,1237.329320000000,42666.528275862069
1642130940,42681.940000000000,42681.940000000000,42675.570000000000,42675.570000000000,0.003020000000,128.888757200000,42678.396423841060
1642131000,42690.870000000000,42690.870000000000,42690.870000000000,42690.870000000000,0.010590000000,452.096313300000,42690.870000000000
1642131060,42710.720000000000,42740.580000000000,42709.310000000000,42740.580000000000,1.449171240000,61932.579037545900,42736.549917693578
1642131120,42738.380000000000,42753.290000000000,42738.380000000000,42753.290000000000,0.288459060000,12331.656050378200,42750.108283574799
1642131180,42761.520000000000,42761.520000000000,42746.660000000000,42746.660000000000,0.194470000000,8312.957384400000,42746.734120429886
1642131240,42766.280000000000,42766.280000000000,42724.930000000000,42748.460000000000,0.563763220000,24091.143100718100,42732.732902863191
1642131300,42727.140000000000,42730.170000000000,42727.140000000000,42729.820000000000,0.030874270000,1319.200853987800,42728.163418529410
1642131360,42710.720000000000,42731.350000000000,42710.720000000000,42731.350000000000,0.070058730000,2992.719468485600,42717.295453194770
1642131480,42726.670000000000,42732.070000000000,42726.670000000000,42732.070000000000,0.027820000000,1188.698187400000,42728.187900790798
1642131540,42731.020000000000,42736.820000000000,42731.020000000000,42731.800000000000,0.055438560000,2368.989856131200,42731.807177733332
1642131600,42727.670000000000,42727.670000000000,42722.820000000000,42722.820000000000,0.006560000000,280.282505700000,42725.991722560976
1642131660,42713.530000000000,42713.530000000000,42705.960000000000,42705.960000000000,0.014398480000,614.913689534400,42706.847496013468
1642131720,42706.620000000000,42706.620000000000,42690.510000000000,42690.510000000000,0.009398840000,401.312839908400,42698.124439654255
1642131780,42692.280000000000,42692.280000000000,42692.280000000000,42692.280000000000,0.021610000000,922.580170800000,42692.280000000000
1642131840,42702.320000000000,42702.320000000000,42692.330000000000,42692.330000000000,0.053970000000,2304.144710400000,42693.064858254586
1642131900,42702.110000000000,42702.110000000000,42702.110000000000,42702.110000000000,0.017400000000,743.016714000000,42702.110000000000
1642131960,42702.290000000000,42714.030000000000,42689.240000000000,42706.790000000000,0.113588440000,4850.913760044600,42706.051426048284
1642132020,42724.850000000000,42742.670000000000,42724.850000000000,42742.670000000000,1.548397070000,66163.455148298100,42730.289555700398
1642132080,42734.870000000000,42739.990000000000,42734.680000000000,42737.640000000000,0.020407000000,872.154122760000,42737.988080560592
1642132140,42745.270000000000,42747.270000000000,42745.270000000000,42747.270000000000,0.003069000000,131.186891630000,42745.810241120886
1642132200,42732.150000000000,42732.150000000000,42732.150000000000,42732.150000000000,0.001110000000,47.432686500000,42732.150000000000
1642132260,42732.000000000000,42739.360000000000,42724.190000000000,42737.990000000000,1.143830070000,48870.078954336400,42724.946857129224
1642132320,42742.450000000000,42742.450000000000,42730.360000000000,42730.360000000000,0.024890000000,1063.770486700000,42738.870498192045
1642132380,42738.890000000000,42738.890000000000,42726.450000000000,42736.840000000000,0.015100000000,645.232534200000,42730.631403973510
1642132440,42730.700000000000,42746.140000000000,42726.670000000000,42726.670000000000,0.085032730000,3634.059984533600,42737.190544553845
1642132500,42758.380000000000,42758.380000000000,42758.380000000000,42758.380000000000,0.000680000000,29.075698400000,42758.380000000000
1642132560,42768.410000000000,42774.610000000000,42752.250000000000,42766.290000000000,0.028134570000,1203.107462422500,42762.603530905218
1642132620,42766.290000000000,42766.290000000000,42715.160000000000,42715.160000000000,0.295969300000,12648.095105107000,42734.483289675652
1642132680,42694.710000000000,42694.710000000000,42675.570000000000,42691.330000000000,0.096537710000,4120.943360366100,42687.395012437108
1642132740,42691.330000000000,42701.760000000000,42664.260000000000,42664.260000000000,0.788270830000,33656.060563751500,42696.062422798900
1642132800,42664.260000000000,42698.250000000000,42664.260000000000,42698.250000000000,0.834181470000,35595.338188818100,42670.976842506583
1642132860,42674.670000000000,42674.670000000000,42653.330000000000,42660.620000000000,0.069917190000,2983.318889448100,42669.319082304367
1642132920,42663.050000000000,42685.770000000000,42661.500000000000,42685.770000000000,1.480134730000,63164.358262771200,42674.735605164268
1642132980,42662.270000000000,42679.850000000000,42662.270000000000,42679.850000000000,0.022060000000,941.253791000000,42667.896237533998
1642133040,42681.680000000000,42681.680000000000,42661.620000000000,42661.620000000000,0.199246810000,8500.415965232200,42662.745592926682
1642133100,42669.970000000000,42669.970000000000,42647.370000000000,42660.670000000000,0.012503690000,533.359394795300,42656.159485343926
1642133160,42660.680000000000,42680.400000000000,42660.680000000000,42678.360000000000,0.897461540000,38296.127130626400,42671.608112172027
1642133220,42709.970000000000,42737.370000000000,42709.970000000000,42727.670000000000,0.120960000000,5167.265833200000,42718.798224206349
1642133280,42734.670000000000,42750.000000000000,42734.670000000000,42750.000000000000,0.003790000000,161.987700900000,42740.818179419525
1642133340,42750.000000000000,42750.000000000000,42750.000000000000,42750.000000000000,0.049802930000,2129.075257500000,42750.000000000000
1642133400,42750.000000000000,42750.000000000000,42750.000000000000,42750.000000000000,0.453208320000,19374.655680000000,42750.000000000000
1642133460,42772.040000000000,42817.690000000000,42772.040000000000,42817.690000000000,0.032720000000,1400.429234379800,42800.404473710269
1642133520,42814.580000000000,42814.580000000000,42786.970000000000,42808.640000000000,0.105018450000,4494.903059958300,42801.079809864838
1642133580,42808.640000000000,42812.680000000000,42790.530000000000,42812.670000000000,0.083979490000,3594.975656773700,42807.781480617470
1642133640,42807.190000000000,42807.190000000000,42799.980000000000,42799.980000000000,0.001140000000,48.796014800000,42803.521754385965
1642133700,42784.750000000000,42784.750000000000,42784.750000000000,42784.750000000000,0.000580000000,24.815155000000,42784.750000000000
1642133760,42812.680000000000,42822.810000000000,42812.680000000000,42822.810000000000,0.057368780000,2456.186982830000,42814.000625950212
1642133820,42831.720000000000,42840.580000000000,42825.700000000000,42833.490000000000,0.684202230000,29308.144865533700,42835.500354235472
1642133880,42837.990000000000,42837.990000000000,42837.990000000000,42837.990000000000,0.000560000000,23.989274400000,42837.990000000000
1642133940,42830.190000000000,42838.460000000000,42812.440000000000,42838.200000000000,0.396230050000,16965.326634169400,42816.860140136771
1642134000,42826.890000000000,42826.890000000000,42817.190000000000,42820.160000000000,0.007886680000,337.733534729200,42823.283654110475
1642134060,42800.890000000000,42800.890000000000,42800.880000000000,42800.880000000000,0.041195530000,1763.205310121700,42800.889079997272
1642134120,42783.580000000000,42811.990000000000,42783.580000000000,42811.990000000000,0.189633950000,8113.687497441000,42786.049109038756
1642134180,42789.250000000000,42826.090000000000,42789.250000000000,42826.090000000000,0.117489000000,5027.918508150000,42794.802135944642
1642134240,42819.970000000000,42874.000000000000,42819.970000000000,42839.280000000000,2.930441810000,125568.249291736100,42849.596556819567
1642134300,42839.310000000000,42846.520000000000,42823.790000000000,42846.520000000000,0.723424950000,30987.550657942900,42834.506410019313
1642134360,42813.450000000000,42841.970000000000,42813.450000000000,42835.960000000000,0.292268160000,12513.200528552000,42814.107867760894
1642134420,42822.530000000000,42832.100000000000,42818.000000000000,42832.090000000000,0.386561240000,16552.267082620000,42819.262175949146
1642134480,42823.420000000000,42835.890000000000,42809.790000000000,42809.790000000000,0.740879370000,31725.342760546500,42821.198760800291
1642134540,42809.790000000000,42810.580000000000,42798.810000000000,42798.810000000000,0.143507670000,6143.102563626600,42806.789097938807
1642134600,42770.880000000000,42770.880000000000,42733.720000000000,42752.310000000000,1.386748420000,59287.543642115500,42752.919554157848
1642134660,42734.630000000000,42762.070000000000,42734.630000000000,42761.910000000000,0.062063210000,2652.576200184200,42739.913069017861
1642134720,42734.340000000000,42766.340000000000,42730.170000000000,42766.340000000000,4.139869260000,176976.475755767100,42749.291014027602
1642134780,42734.590000000000,42734.590000000000,42727.550000000000,42727.550000000000,0.009000000000,384.597230000000,42733.025555555556
1642134840,42735.270000000000,42753.390000000000,42735.270000000000,42753.390000000000,0.036530000000,1561.736036700000,42752.149923350671
1642134900,42764.070000000000,42776.930000000000,42764.070000000000,42768.470000000000,0.060158230000,2573.065560629100,42771.630093323889
1642134960,42779.190000000000,42779.190000000000,42773.780000000000,42773.780000000000,0.028042380000,1199.504452596400,42774.702168517793
1642135020,42776.780000000000,42776.780000000000,42750.560000000000,42771.880000000000,0.105398930000,4506.117372700800,42752.970762614004
1642135080,42762.400000000000,42773.880000000000,42762.400000000000,42773.880000000000,6.427013540000,274834.973923843900,42762.470035786466
1642135140,42772.680000000000,42772.680000000000,42772.680000000000,42772.680000000000,0.004580190000,195.907001209200,42772.680000000000
1642135200,42795.090000000000,42797.730000000000,42784.900000000000,42784.900000000000,0.008721030000,373.216142264900,42794.961405350056
1642135260,42783.980000000000,42783.980000000000,42762.400000000000,42762.400000000000,43.644146890000,1866328.854094296100,42762.408870040720
1642135320,42764.280000000000,42764.280000000000,42764.280000000000,42764.280000000000,0.000560000000,23.947996800000,42764.280000000000
1642135380,42782.220000000000,42782.220000000000,42781.270000000000,42781.270000000000,0.022323960000,955.067120229200,42782.155147617179
1642135440,42791.980000000000,42791.980000000000,42775.970000000000,42783.360000000000,0.405198760000,17333.901485647800,42778.762416863764
1642135500,42796.180000000000,42822.390000000000,42796.180000000000,42822.390000000000,0.346607350000,14836.095685590000,42803.753831504150
1642135560,42775.180000000000,42775.180000000000,42775.180000000000,42775.180000000000,0.050371230000,2154.638430071400,42775.180000000000
1642135620,42780.180000000000,42785.780000000000,42780.180000000000,42785.280000000000,0.255186600000,10917.185537390000,42781.186541103647
1642135680,42769.010000000000,42782.890000000000,42769.010000000000,42773.980000000000,2.881622960000,123263.048748677100,42775.564485604009
1642135740,42755.540000000000,42769.180000000000,42751.310000000000,42769.180000000000,0.448421120000,19171.404157439600,42753.124914008511
1642135800,42769.110000000000,42773.000000000000,42760.000000000000,42760.000000000000,0.006305670000,269.658525600000,42764.452564120863
1642135860,42751.350000000000,42771.680000000000,42751.350000000000,42766.590000000000,0.003759000000,160.739367750000,42761.204509177973
1642135920,42767.370000000000,42774.940000000000,42767.370000000000,42774.940000000000,0.218231850000,9334.085882038000,42771.418938335537
1642135980,42765.390000000000,42791.630000000000,42765.390000000000,42787.780000000000,0.057276770000,2449.750802690300,42770.407665975228
1642136040,42775.330000000000,42785.580000000000,42775.330000000000,42785.580000000000,0.012720000000,544.214265100000,42784.140338050314
1642136100,42774.260000000000,42774.260000000000,42733.140000000000,42735.770000000000,0.079114320000,3382.130157846400,42749.911240422720
1642136160,42701.570000000000,42713.570000000000,42701.570000000000,42713.570000000000,0.476484880000,20348.561532861600,42705.576581698878
1642136220,42708.680000000000,42733.270000000000,42694.840000000000,42729.770000000000,0.032140000000,1373.159250037000,42724.307717392657
1642136280,42731.070000000000,42731.070000000000,42727.760000000000,42727.760000000000,0.012990000000,555.069633700000,42730.533772132409
1642136340,42727.760000000000,42727.760000000000,42716.020000000000,42716.170000000000,0.006717350000,286.953622906600,42718.277729551088
1642136400,42715.470000000000,42749.880000000000,42715.470000000000,42744.730000000000,0.548640350000,23448.851585206700,42739.932608322920
1642136460,42767.380000000000,42767.380000000000,42705.050000000000,42711.870000000000,0.446200000000,19055.367014200000,42705.887526221425
1642136520,42713.170000000000,42725.470000000000,42713.170000000000,42725.470000000000,0.050020000000,2136.608107400000,42715.076117552979
1642136580,42730.940000000000,42745.220000000000,42715.580000000000,42715.580000000000,2.349096690000,100404.208790779900,42741.624564964118
1642136640,42714.270000000000,42714.270000000000,42690.400000000000,42690.400000000000,2.712960000000,115817.656939200000,42690.514028662420
1642136700,42690.400000000000,42706.760000000000,42690.400000000000,42706.760000000000,0.157700080000,6733.089316540800,42695.535199099455
1642136760,42696.380000000000,42697.360000000000,42671.430000000000,42688.060000000000,0.041390290000,1767.127559750200,42694.254129415377
1642136820,42696.960000000000,42696.960000000000,42696.960000000000,42696.960000000000,0.000560000000,23.910297600000,42696.960000000000
1642136940,42698.160000000000,42725.720000000000,42698.160000000000,42725.720000000000,0.148371400000,6337.143852033200,42711.357121609690
1642137000,42713.210000000000,42759.180000000000,42713.210000000000,42759.180000000000,0.283861180000,12133.440008487500,42744.273833031696
1642137060,42760.600000000000,42762.590000000000,42746.940000000000,42762.590000000000,1.100620000000,47048.221224382800,42747.016431086842
1642137120,42763.820000000000,42773.620000000000,42763.820000000000,42770.280000000000,0.394625200000,16877.592339128200,42768.663377625655
1642137180,42767.940000000000,42777.510000000000,42767.940000000000,42777.500000000000,0.186439320000,7973.774638900800,42768.739120593231
1642137240,42786.070000000000,42786.070000000000,42750.100000000000,42750.100000000000,0.111860000000,4782.655766800000,42755.728292508493
1642137300,42750.700000000000,42774.230000000000,42750.700000000000,42774.230000000000,0.004836200000,206.782936140000,42757.316930648029
1642137360,42780.000000000000,42789.970000000000,42780.000000000000,42789.970000000000,0.025563600000,1093.625563600000,42780.577211347385
1642137420,42789.970000000000,42794.250000000000,42789.970000000000,42794.250000000000,0.004290000000,183.582428946800,42793.106980606061
1642137480,42796.490000000000,42840.390000000000,42796.490000000000,42840.380000000000,0.275757840000,11809.392580201000,42825.228759410793
1642137540,42829.710000000000,42829.710000000000,42815.320000000000,42824.070000000000,0.070121530000,3002.783366785800,42822.559159587647
1642137600,42846.470000000000,42846.470000000000,42846.470000000000,42846.470000000000,0.040755000000,1746.207884850000,42846.470000000000
1642137660,42817.750000000000,42823.690000000000,42817.750000000000,42823.280000000000,0.061036490000,2613.581205757200,42819.978766098771
1642137720,42833.530000000000,42833.690000000000,42833.530000000000,42833.690000000000,0.307414500000,13167.678710994600,42833.629223717814
1642137780,42826.890000000000,42826.890000000000,42826.890000000000,42826.890000000000,0.001720000000,73.662250800000,42826.890000000000
1642137840,42817.670000000000,42817.670000000000,42799.460000000000,42803.740000000000,0.003190000000,136.548791500000,42805.263793103448
1642137900,42784.330000000000,42803.740000000000,42784.330000000000,42803.740000000000,0.422770000000,18095.148354400200,42801.401126854318
1642137960,42811.710000000000,42821.820000000000,42811.710000000000,42821.820000000000,0.003540000000,151.563100200000,42814.435084745763
1642138020,42827.990000000000,42845.470000000000,42827.990000000000,42845.470000000000,0.012770000000,546.956971900000,42831.399522317933
1642138080,42845.470000000000,42861.370000000000,42823.130000000000,42823.890000000000,0.300647020000,12875.727833980700,42826.726950364251
1642138140,42823.890000000000,42823.890000000000,42802.850000000000,42815.530000000000,0.225794070000,9665.728632404500,42807.716927218239
1642138200,42815.570000000000,42815.630000000000,42798.590000000000,42798.590000000000,0.038011850000,1627.139884615500,42806.121896605927
1642138320,42767.460000000000,42777.640000000000,42767.460000000000,42777.640000000000,0.281642230000,12047.873347150800,42777.226082717780
1642138380,42780.780000000000,42781.380000000000,42771.750000000000,42781.380000000000,0.055004560000,2352.713618880000,42773.064976431045
1642138440,42781.370000000000,42785.660000000000,42776.680000000000,42776.680000000000,1.157436450000,49517.043737767400,42781.652277986752
1642138500,42776.680000000000,42776.680000000000,42776.680000000000,42776.680000000000,0.011420000000,488.509685600000,42776.680000000000
1642138560,42765.660000000000,42790.380000000000,42765.660000000000,42790.380000000000,0.680441630000,29103.019196190400,42770.779906853141
1642138620,42791.480000000000,42845.130000000000,42791.480000000000,42831.800000000000,0.511676820000,21912.481519618800,42824.846979815893
1642138680,42847.850000000000,42847.850000000000,42847.850000000000,42847.850000000000,0.012641970000,541.681234264500,42847.850000000000
1642138740,42853.000000000000,42862.560000000000,42853.000000000000,42862.560000000000,0.131910000000,5652.746973600000,42853.058703661587
1642138800,42842.420000000000,42848.780000000000,42831.300000000000,42831.300000000000,0.110161970000,4719.329186251400,42839.912777988629
1642138860,42833.960000000000,42833.960000000000,42833.960000000000,42833.960000000000,0.001030000000,44.118978800000,42833.960000000000
1642138920,42833.960000000000,42836.230000000000,42811.890000000000,42811.890000000000,0.008129760000,348.198678859600,42830.130146474189
1642138980,42811.330000000000,42821.690000000000,42790.380000000000,42790.380000000000,0.034556850000,1479.120897103000,42802.538341978508
1642139040,42797.750000000000,42801.280000000000,42797.750000000000,42801.280000000000,0.113885680000,4874.276377670400,42799.730200235886
1642139100,42783.750000000000,42796.130000000000,42783.750000000000,42796.130000000000,0.009869790000,422.363898085300,42793.605343710454
1642139160,42811.200000000000,42849.890000000000,42811.200000000000,42849.890000000000,0.551837850000,23629.839082019500,42820.257947184124
1642139220,42835.950000000000,42835.950000000000,42813.430000000000,42815.990000000000,0.060310400000,2582.277101254800,42816.447930287314
1642139280,42822.490000000000,42822.490000000000,42822.490000000000,42822.490000000000,0.345702690000,14803.849985498100,42822.490000000000
1642139340,42818.040000000000,42827.780000000000,42800.980000000000,42827.780000000000,0.279458070000,11963.943120924500,42811.227891627893
1642139400,42838.480000000000,42859.880000000000,42838.260000000000,42859.880000000000,0.549674260000,23548.020925797600,42839.955659916839
1642139460,42859.880000000000,42865.660000000000,42851.260000000000,42851.280000000000,0.242144030000,10376.510408658400,42852.637781977941
1642139520,42842.310000000000,42869.020000000000,42842.310000000000,42869.020000000000,0.212930000000,9123.174096600000,42845.884077396327
1642139580,42873.050000000000,42902.390000000000,42873.050000000000,42902.390000000000,1.184668690000,50809.454289744000,42889.167848053788
1642139640,42898.070000000000,42922.070000000000,42894.350000000000,42894.390000000000,1.281139350000,54970.035012234800,42907.147463884236
1642139700,42875.810000000000,42875.810000000000,42849.330000000000,42864.900000000000,0.199598820000,8552.709845790600,42849.501043095345
1642139760,42849.330000000000,42866.500000000000,42849.330000000000,42866.500000000000,0.017398000000,745.705517000000,42861.565524772962
1642139820,42875.970000000000,42888.210000000000,42875.970000000000,42888.210000000000,0.448830350000,19246.218794822800,42880.831910816191
1642139880,42885.930000000000,42919.310000000000,42885.930000000000,42911.580000000000,0.035250000000,1512.310300900000,42902.419883687943
1642139940,42928.390000000000,42937.030000000000,42923.490000000000,42923.490000000000,0.018170000000,780.078495900000,42932.223219592735
1642140000,42925.850000000000,42925.850000000000,42882.980000000000,42882.980000000000,0.387095560000,16613.225540636500,42917.633931622723
1642140060,42866.210000000000,42926.960000000000,42866.210000000000,42926.960000000000,0.265693360000,11389.954164608800,42868.794931904960
1642140120,42888.830000000000,42898.540000000000,42888.830000000000,42898.540000000000,0.007760000000,332.885290800000,42897.589020618557
1642140180,42907.100000000000,42907.100000000000,42898.350000000000,42898.350000000000,0.003460000000,148.448941000000,42904.318208092486
1642140240,42847.450000000000,42893.710000000000,42847.450000000000,42893.710000000000,6.883121440000,295084.487406174700,42870.736769417612
1642140300,42851.730000000000,42863.600000000000,42851.730000000000,42853.210000000000,0.262063010000,11232.352341868600,42861.265853080906
1642140360,42881.900000000000,42881.900000000000,42866.850000000000,42866.850000000000,0.016700000000,715.978208250000,42872.946601796407
1642140420,42865.560000000000,42865.560000000000,42834.190000000000,42844.300000000000,0.075082560000,3216.681046267600,42841.920231110926
1642140480,42847.120000000000,42854.720000000000,42839.810000000000,42850.490000000000,0.078125980000,3347.249940477600,42844.261799693264
1642140540,42849.800000000000,42849.800000000000,42843.190000000000,42845.970000000000,0.092521130000,3963.972157304700,42843.966100551301
1642140600,42848.590000000000,42854.620000000000,42822.490000000000,42822.490000000000,0.079749000000,3416.558872950000,42841.400806906669
1642140660,42830.010000000000,42842.210000000000,42830.010000000000,42833.950000000000,0.182047810000,7797.778877409500,42833.686806831129
1642140720,42844.580000000000,42855.140000000000,42844.580000000000,42855.140000000000,0.017192000000,736.753430080000,42854.434043741275
1642140780,42865.910000000000,42874.360000000000,42865.910000000000,42874.350000000000,0.029392000000,1260.140973520000,42873.604161676647
1642140840,42885.920000000000,42893.000000000000,42877.390000000000,42877.390000000000,0.034163750000,1465.303601572500,42890.596072518386
1642140900,42882.700000000000,42907.450000000000,42882.700000000000,42907.450000000000,0.019405000000,832.227319000000,42887.261994331358
1642140960,42920.670000000000,42920.670000000000,42895.110000000000,42918.030000000000,0.035237850000,1512.252554473500,42915.573863714727
1642141020,42906.690000000000,42927.410000000000,42906.690000000000,42927.410000000000,0.022328250000,958.273167952500,42917.522329448120
1642141080,42923.110000000000,42923.110000000000,42901.080000000000,42909.410000000000,0.188210680000,8075.633894998900,42907.415748133421
1642141140,42940.000000000000,42989.440000000000,42932.500000000000,42953.580000000000,4.744298800000,203784.749759927700,42953.607761789307
1642141200,42953.580000000000,42966.760000000000,42936.160000000000,42961.160000000000,1.608881700000,69094.228748799200,42945.499814435829
1642141260,42985.060000000000,42999.990000000000,42969.000000000000,42969.000000000000,0.433638790000,18644.012835940800,42994.338296951709
1642141320,42966.110000000000,42966.110000000000,42897.050000000000,42897.050000000000,0.025091000000,1077.551117860000,42945.722285281575
1642141380,42905.630000000000,42934.010000000000,42905.630000000000,42934.010000000000,0.218483900000,9375.983904867000,42913.843559488823
1642141440,42923.570000000000,42923.570000000000,42905.910000000000,42905.910000000000,0.134128000000,5755.297815880000,42908.996002922581
1642141500,42915.610000000000,42915.610000000000,42879.100000000000,42897.000000000000,0.512486650000,21983.928179756300,42896.587022815716
1642141560,42902.170000000000,42937.980000000000,42902.170000000000,42937.980000000000,0.755752850000,32431.914887072500,42913.387474585772
1642141620,42937.980000000000,42947.710000000000,42929.790000000000,42933.610000000000,1.026953000000,44095.180844330000,42937.876265350021
1642141680,42912.990000000000,42940.380000000000,42901.140000000000,42932.080000000000,0.083368110000,3578.724709387600,42926.782307858484
1642141740,42930.800000000000,42930.800000000000,42923.560000000000,42923.560000000000,0.262300180000,11258.947324160800,42923.902393665151
1642141800,42923.550000000000,42933.580000000000,42910.530000000000,42910.530000000000,0.203968350000,8756.393641082000,42930.158728459588
1642141860,42950.740000000000,42959.310000000000,42950.740000000000,42959.310000000000,0.063108750000,2711.019310413900,42957.899030069523
1642141920,42961.890000000000,42967.860000000000,42947.750000000000,42947.750000000000,0.159189360000,6837.229972886200,42950.295000157046
1642141980,42984.210000000000,42984.210000000000,42984.210000000000,42984.210000000000,0.012390000000,532.574361900000,42984.210000000000
1642142040,42929.130000000000,42929.130000000000,42921.470000000000,42921.470000000000,0.037066000000,1590.993552780000,42923.259935790212
1642142100,42895.530000000000,42901.880000000000,42862.040000000000,42862.040000000000,0.561621670000,24072.778392824700,42862.979971596716
1642142160,42868.650000000000,42878.900000000000,42847.070000000000,42878.900000000000,0.119623720000,5128.287241450400,42870.153523485141
1642142220,42864.600000000000,42868.480000000000,42864.600000000000,42868.480000000000,0.013827000000,592.740222560000,42868.317245968034
1642142280,42871.190000000000,42871.190000000000,42865.200000000000,42865.200000000000,0.056656490000,2428.788652905800,42868.674937430822
1642142340,42866.090000000000,42866.090000000000,42844.710000000000,42857.300000000000,0.161991740000,6941.324372542600,42849.866126153099
1642142400,42852.270000000000,42860.500000000000,42851.390000000000,42860.500000000000,0.170264000000,7296.761626117300,42855.575025356505
1642142460,42859.750000000000,42875.150000000000,42859.750000000000,42872.490000000000,0.032716000000,1402.394105240000,42865.695844235237
1642142520,42870.800000000000,42881.400000000000,42868.410000000000,42874.900000000000,0.338124550000,14498.829476967000,42880.144245565724
1642142580,42861.290000000000,42881.200000000000,42861.270000000000,42881.200000000000,0.797348140000,34176.308867849200,42862.467664186437
1642142640,42874.590000000000,42880.590000000000,42858.740000000000,42859.340000000000,1.082327030000,46390.100437257700,42861.444971265015
1642142700,42866.000000000000,42866.000000000000,42845.960000000000,42850.770000000000,0.363410000000,15570.709692149400,42846.123365205690
1642142760,42853.230000000000,42855.800000000000,42837.880000000000,42837.880000000000,0.129497400000,5547.745840566000,42840.596340667843
1642142820,42859.840000000000,42868.600000000000,42851.170000000000,42868.600000000000,0.343357760000,14714.410578416900,42854.457631646070
1642142880,42851.210000000000,42873.600000000000,42851.210000000000,42873.600000000000,0.168559400000,7225.920591566500,42868.689563242987
1642142940,42879.480000000000,42881.350000000000,42839.580000000000,42839.580000000000,0.654365230000,28039.507594108300,42849.935034152563
1642143000,42837.030000000000,42847.580000000000,42835.800000000000,42847.580000000000,0.901642950000,38626.707363230300,42840.358662184737
1642143060,42838.140000000000,42838.140000000000,42810.130000000000,42810.130000000000,0.077439400000,3316.091704730800,42821.763917731801
1642143120,42824.190000000000,42824.190000000000,42801.360000000000,42801.360000000000,0.096983000000,4152.361148470000,42815.350612684698
1642143180,42821.390000000000,42825.010000000000,42820.560000000000,42825.010000000000,0.038553360000,1651.016521733600,42824.192800150233
1642143240,42838.770000000000,42838.770000000000,42815.350000000000,42815.350000000000,0.026520640000,1135.878541624000,42829.982293941624
1642143300,42832.150000000000,42865.300000000000,42832.150000000000,42865.300000000000,0.079580450000,3409.167062207500,42839.253387075595
1642143360,42859.820000000000,42861.140000000000,42859.820000000000,42861.140000000000,0.028755000000,1232.458642200000,42860.672655190402
1642143420,42868.100000000000,42868.100000000000,42868.100000000000,42868.100000000000,0.014058000000,602.639749800000,42868.100000000000
1642143480,42865.610000000000,42867.510000000000,42863.520000000000,42864.350000000000,0.093292000000,3999.115080506000,42866.645376945505
1642143540,42864.360000000000,42866.200000000000,42847.460000000000,42861.100000000000,0.203315300000,8712.307304709800,42851.213384874626
1642143600,42858.900000000000,42858.900000000000,42793.530000000000,42793.530000000000,0.078979780000,3381.007006742900,42808.513859406800
1642143660,42815.130000000000,42823.280000000000,42793.530000000000,42804.090000000000,0.058907580000,2521.998344178100,42812.798355968790
1642143720,42806.850000000000,42822.590000000000,42806.850000000000,42822.590000000000,0.066457560000,2845.034571186000,42809.795773212257
1642143780,42834.530000000000,42834.530000000000,42832.770000000000,42832.770000000000,0.023752000000,1017.382433040000,42833.548039744022
1642143840,42825.790000000000,42829.990000000000,42825.790000000000,42829.990000000000,0.035322000000,1512.803689260000,42828.936335994564
1642143900,42834.530000000000,42864.820000000000,42834.530000000000,42864.820000000000,0.376895930000,16147.592985859300,42843.638523396365
1642143960,42841.120000000000,42876.500000000000,42839.690000000000,42876.500000000000,1.303200110000,55832.777981254300,42842.827861067554
1642144020,42880.460000000000,42893.400000000000,42880.460000000000,42892.580000000000,0.008600000000,368.837990600000,42888.138441860465
1642144080,42896.090000000000,42899.190000000000,42894.700000000000,42899.190000000000,0.472384180000,20262.831326526000,42894.813553083002
1642144140,42900.120000000000,42911.600000000000,42900.120000000000,42911.600000000000,0.556351660000,23870.568117248700,42905.539487828076
1642144200,42911.600000000000,42911.600000000000,42900.810000000000,42900.810000000000,0.022628000000,970.823803080000,42903.650480820222
1642144260,42904.900000000000,42904.900000000000,42904.900000000000,42904.900000000000,0.006616000000,283.858818400000,42904.900000000000
1642144320,42897.730000000000,42897.730000000000,42885.300000000000,42896.200000000000,0.011742150000,503.686722595000,42895.613034665713
1642144380,42889.370000000000,42889.500000000000,42877.350000000000,42889.500000000000,0.009388420000,402.605476380200,42883.198278325852
1642144440,42876.500000000000,42876.500000000000,42852.040000000000,42852.040000000000,0.543216890000,23287.380703131000,42869.397347219819
1642144500,42853.350000000000,42853.350000000000,42840.690000000000,42840.690000000000,0.003450000000,147.814433100000,42844.763217391304
1642144560,42841.170000000000,42861.110000000000,42841.170000000000,42860.760000000000,0.444888860000,19061.871785089000,42846.367933530634
1642144620,42880.300000000000,42881.600000000000,42880.270000000000,42880.590000000000,0.018230000000,781.724713600000,42881.224004388371
1642144680,42876.310000000000,42879.490000000000,42869.000000000000,42879.490000000000,0.187516070000,8039.085406805000,42871.447800740491
1642144740,42880.600000000000,42882.800000000000,42880.600000000000,42882.800000000000,0.006310000000,270.579468000000,42881.056735340729
1642144800,42877.760000000000,42877.760000000000,42862.960000000000,42864.680000000000,0.011385840000,488.075167220200,42866.856307501247
1642144860,42858.000000000000,42871.000000000000,42858.000000000000,42871.000000000000,1.252549560000,53690.779772334600,42865.193910837827
1642144920,42864.400000000000,42886.200000000000,42864.400000000000,42883.440000000000,0.225315010000,9658.934181169000,42868.578445657037
1642144980,42885.240000000000,42886.700000000000,42884.920000000000,42884.920000000000,0.027900400000,1196.551559680000,42886.537815945291
1642145040,42886.700000000000,42891.600000000000,42886.700000000000,42891.600000000000,0.211465020000,9069.441726022000,42888.614514220839
1642145100,42892.300000000000,42895.700000000000,42892.300000000000,42892.360000000000,0.229034390000,9823.887616520000,42892.631174383899
1642145160,42877.910000000000,42900.610000000000,42877.910000000000,42894.000000000000,0.079909570000,3427.690971880600,42894.624159291559
1642145220,42886.080000000000,42886.080000000000,42886.080000000000,42886.080000000000,0.003340000000,143.239507200000,42886.080000000000
1642145280,42858.600000000000,42872.150000000000,42858.600000000000,42865.500000000000,0.036246020000,1553.701739270000,42865.443965158105
1642145340,42879.400000000000,42892.590000000000,42875.140000000000,42875.140000000000,0.080992060000,3472.772678211000,42877.939864858357
1642145400,42883.790000000000,42890.400000000000,42876.850000000000,42890.400000000000,0.023921610000,1025.866368600300,42884.503534682657
1642145460,42882.700000000000,42899.030000000000,42831.810000000000,42831.810000000000,0.477693070000,20475.058499815700,42862.372903621356
1642145520,42851.170000000000,42851.170000000000,42844.480000000000,42844.480000000000,0.004400000000,188.541803000000,42850.409772727273
1642145580,42826.410000000000,42829.580000000000,42796.490000000000,42798.730000000000,0.462916730000,19822.857906990500,42821.649386036448
1642145640,42811.910000000000,42811.910000000000,42800.460000000000,42800.460000000000,0.008639480000,369.858213206800,42810.240107830564
1642145700,42793.720000000000,42793.720000000000,42756.110000000000,42756.110000000000,0.158681970000,6786.088988505200,42765.343715516010
1642145760,42770.000000000000,42779.270000000000,42769.290000000000,42779.270000000000,1.591326700000,68064.534608034600,42772.194174857118
1642145820,42736.350000000000,42739.800000000000,42725.000000000000,42736.150000000000,0.009028410000,385.825518545200,42734.603163259090
1642145880,42735.270000000000,42735.270000000000,42722.740000000000,42730.870000000000,0.017177940000,733.968187355600,42727.369367665739
1642145940,42716.430000000000,42716.430000000000,42707.160000000000,42710.370000000000,1.011534020000,43200.674163583200,42708.078333918221
1642146000,42726.970000000000,42732.370000000000,42715.010000000000,42718.570000000000,0.227345810000,9714.842286808100,42731.565128946515
1642146060,42731.670000000000,42731.670000000000,42714.900000000000,42714.900000000000,0.953385670000,40725.024349180600,42716.211949336935
1642146120,42699.220000000000,42699.220000000000,42659.680000000000,42678.950000000000,2.940837610000,125504.957227306400,42676.602339598887
1642146180,42698.080000000000,42698.080000000000,42667.190000000000,42683.660000000000,1.464079740000,62485.374484014000,42678.942121017261
1642146240,42676.160000000000,42676.160000000000,42673.860000000000,42673.860000000000,0.208836100000,8911.851694346000,42673.904053686120
1642146300,42666.470000000000,42666.470000000000,42666.470000000000,42666.470000000000,0.160481770000,6847.190625251900,42666.470000000000
1642146360,42674.360000000000,42701.360000000000,42674.360000000000,42701.360000000000,0.078352940000,3345.201690786400,42694.016214150995
1642146420,42705.610000000000,42716.280000000000,42681.080000000000,42692.250000000000,1.287590190000,54970.684167442000,42692.686379850410
1642146480,42704.160000000000,42715.260000000000,42704.160000000000,42715.260000000000,0.002040000000,87.129460900000,42710.520049019608
1642146540,42715.270000000000,42715.270000000000,42714.210000000000,42715.270000000000,0.034560000000,1476.239137600000,42715.252824074074
1642146600,42719.970000000000,42719.970000000000,42703.210000000000,42714.970000000000,0.015179210000,648.387801164100,42715.516892124162
1642146660,42716.770000000000,42716.770000000000,42693.820000000000,42701.960000000000,0.111866740000,4777.189915775400,42704.291872413552
1642146720,42701.960000000000,42708.750000000000,42700.550000000000,42700.550000000000,1.341789910000,57303.370924512400,42706.664059288090
1642146780,42662.630000000000,42664.770000000000,42615.000000000000,42630.980000000000,1.494443670000,63714.258339304300,42634.098305829286
1642146840,42644.950000000000,42646.450000000000,42630.980000000000,42642.950000000000,0.201269500000,8581.254101750000,42635.640778905895
1642146900,42654.610000000000,42672.060000000000,42654.610000000000,42672.060000000000,0.041497000000,1770.431115420000,42664.074883003591
1642146960,42671.230000000000,42673.580000000000,42657.390000000000,42657.390000000000,0.060149180000,2566.424684165600,42667.658713977481
1642147020,42662.520000000000,42667.600000000000,42639.540000000000,42644.740000000000,0.249468000000,10638.690695820000,42645.512433738997
1642147080,42615.000000000000,42634.750000000000,42615.000000000000,42634.750000000000,0.192437960000,8202.774743489200,42625.554456559403
1642147140,42636.950000000000,42668.330000000000,42636.950000000000,42668.330000000000,0.106119000000,4526.312167050000,42653.173956124728
1642147200,42675.960000000000,42678.990000000000,42587.760000000000,42588.280000000000,5.394107270000,229852.699755953800,42611.814754650551
1642147260,42571.000000000000,42600.740000000000,42547.690000000000,42572.740000000000,4.324940260000,184088.772030515900,42564.465857041896
1642147320,42580.260000000000,42588.030000000000,42562.210000000000,42582.740000000000,0.747309120000,31821.562388170600,42581.525551528931
1642147380,42584.300000000000,42590.040000000000,42570.330000000000,42570.330000000000,0.284380520000,12107.833971986000,42576.172137198427
1642147440,42570.320000000000,42570.320000000000,42570.320000000000,42570.320000000000,0.018240000000,776.482636800000,42570.320000000000
1642147500,42570.330000000000,42570.330000000000,42521.270000000000,42554.630000000000,0.090857800000,3864.923754291800,42538.161327830962
1642147560,42523.630000000000,42533.890000000000,42505.000000000000,42514.830000000000,0.824517300000,35055.115743441800,42515.925067238492
1642147620,42530.550000000000,42567.760000000000,42511.320000000000,42511.320000000000,2.133559870000,90799.782497149300,42557.878864280147
1642147680,42500.000000000000,42522.680000000000,42472.690000000000,42522.680000000000,2.388546620000,101510.193753699800,42498.728265852228
1642147740,42530.330000000000,42530.330000000000,42479.370000000000,42479.370000000000,0.012876060000,547.206161103400,42497.950545694879
1642147800,42468.960000000000,42473.590000000000,42428.000000000000,42428.000000000000,4.706871840000,199786.776117613400,42445.765023764361
1642147860,42435.010000000000,42499.720000000000,42395.000000000000,42499.720000000000,0.936506140000,39709.686956419200,42401.950462833271
1642147920,42483.460000000000,42533.780000000000,42483.460000000000,42528.220000000000,0.062325010000,2648.958702744100,42502.338992710952
1642147980,42513.780000000000,42529.830000000000,42513.780000000000,42529.830000000000,0.220082520000,9356.772111625600,42514.835397311881
1642148040,42515.180000000000,42521.420000000000,42421.730000000000,42480.180000000000,1.464491280000,62182.853318292600,42460.377994393111
1642148100,42480.180000000000,42506.320000000000,42419.680000000000,42434.410000000000,3.023059460000,128378.354165490900,42466.367553845897
1642148160,42436.240000000000,42442.460000000000,42388.880000000000,42404.590000000000,0.537226000000,22773.331244860000,42390.597709083329
1642148220,42389.580000000000,42482.130000000000,42389.580000000000,42473.420000000000,6.411798730000,272354.875344023800,42477.140473812690
1642148280,42471.720000000000,42471.720000000000,42450.010000000000,42470.030000000000,0.676823650000,28733.338605411600,42453.213042144140
1642148340,42470.320000000000,42476.320000000000,42455.290000000000,42474.620000000000,0.053031660000,2251.538849281400,42456.503328038384
1642148400,42474.620000000000,42502.630000000000,42474.620000000000,42502.630000000000,1.172380950000,49809.930045391000,42486.130506804123
1642148460,42514.620000000000,42516.630000000000,42454.810000000000,42472.310000000000,1.363727350000,57912.481232515000,42466.319409458936
1642148520,42484.250000000000,42503.200000000000,42484.250000000000,42503.200000000000,2.050204000000,87128.027762033300,42497.247962658009
1642148580,42506.980000000000,42545.200000000000,42497.770000000000,42545.200000000000,0.106032210000,4507.631406130400,42511.906581315245
1642148640,42523.630000000000,42531.960000000000,42523.630000000000,42531.940000000000,0.014420000000,613.269059600000,42529.060998613038
1642148700,42548.330000000000,42554.230000000000,42548.330000000000,42554.230000000000,0.017880000000,760.801074400000,42550.395659955257
1642148760,42555.140000000000,42555.140000000000,42530.520000000000,42530.520000000000,0.105370000000,4482.224101800000,42537.952944860966
1642148820,42543.850000000000,42543.850000000000,42511.350000000000,42511.350000000000,0.014745490000,627.201910790300,42535.169112067485
1642148880,42514.380000000000,42520.320000000000,42491.390000000000,42495.620000000000,0.570700170000,24256.271085873600,42502.652637852902
1642148940,42497.190000000000,42498.620000000000,42483.480000000000,42498.620000000000,0.008403550000,357.049400354000,42487.924788214505
1642149000,42501.840000000000,42504.220000000000,42453.510000000000,42465.010000000000,0.023883660000,1014.340153316600,42470.046605779851
1642149060,42473.690000000000,42473.690000000000,42449.590000000000,42455.550000000000,0.026907190000,1142.492934152100,42460.507178642586
1642149120,42450.490000000000,42450.490000000000,42409.200000000000,42412.510000000000,0.065555270000,2780.872673182700,42420.276404668915
1642149180,42391.200000000000,42448.810000000000,42387.860000000000,42448.810000000000,1.440959400000,61113.563272773200,42411.717688071711
1642149240,42448.810000000000,42476.520000000000,42447.590000000000,42475.620000000000,0.514786570000,21851.702424636400,42448.081783944752
1642149300,42482.860000000000,42482.860000000000,42460.540000000000,42475.450000000000,0.085670750000,3638.939579769400,42475.869299257915
1642149360,42475.420000000000,42496.070000000000,42475.420000000000,42496.070000000000,0.109264970000,4642.022099067900,42484.083408139864
1642149420,42496.810000000000,42499.580000000000,42496.810000000000,42499.580000000000,0.054640000000,2322.038551200000,42497.045226939971
1642149480,42486.430000000000,42494.330000000000,42450.000000000000,42478.280000000000,1.997461080000,84849.902090340400,42478.876279451914
1642149540,42504.960000000000,42504.960000000000,42478.800000000000,42478.800000000000,0.065637000000,2789.086171374800,42492.590632947880
1642149600,42516.480000000000,42516.480000000000,42439.910000000000,42443.870000000000,0.126371570000,5366.372986650400,42465.033762343857
1642149660,42434.200000000000,42452.510000000000,42421.990000000000,42447.200000000000,0.284155020000,12059.790711282600,42440.885652073295
1642149720,42447.200000000000,42475.310000000000,42447.200000000000,42475.310000000000,0.007105090000,301.637677648000,42453.744800980705
1642149780,42475.310000000000,42475.310000000000,42453.680000000000,42453.680000000000,0.539042240000,22884.488926842300,42453.980836162858
1642149840,42463.210000000000,42479.820000000000,42446.250000000000,42479.820000000000,0.932637760000,39595.079192551300,42454.938981401847
1642149900,42473.060000000000,42473.060000000000,42412.850000000000,42420.590000000000,0.587103430000,24911.496855491400,42431.189433676789
1642149960,42423.350000000000,42455.720000000000,42387.860000000000,42423.090000000000,8.469949750000,359268.461629419800,42416.835073834977
1642150020,42442.140000000000,42481.240000000000,42442.140000000000,42479.200000000000,0.858048680000,36442.770914812600,42471.682276596009
1642150080,42501.600000000000,42544.820000000000,42501.600000000000,42527.530000000000,0.029154830000,1239.560856934000,42516.483784470704
1642150200,42514.510000000000,42514.510000000000,42514.510000000000,42514.510000000000,0.000600000000,25.508706000000,42514.510000000000
1642150260,42519.480000000000,42530.870000000000,42514.660000000000,42514.660000000000,0.206540000000,8782.224210400000,42520.694346857752
1642150320,42503.410000000000,42503.410000000000,42487.990000000000,42487.990000000000,1.852323360000,78702.253934876700,42488.398966623570
1642150380,42479.980000000000,42506.640000000000,42466.930000000000,42466.930000000000,2.518875880000,107044.832117692700,42497.065047005293
1642150440,42472.860000000000,42510.420000000000,42472.860000000000,42510.420000000000,0.078590000000,3338.769170800000,42483.384282987657
1642150500,42517.330000000000,42522.650000000000,42466.980000000000,42494.790000000000,0.684847560000,29111.692517187500,42508.280992032008
1642150560,42515.060000000000,42527.230000000000,42502.370000000000,42527.230000000000,0.043830000000,1863.059572200000,42506.492635181383
1642150620,42536.630000000000,42536.630000000000,42511.930000000000,42526.500000000000,0.008439440000,358.819854519200,42517.021807039329
1642150680,42529.330000000000,42542.870000000000,42518.170000000000,42542.330000000000,0.140417760000,5973.617574888800,42541.752374406201
1642150740,42520.470000000000,42534.770000000000,42514.560000000000,42534.770000000000,0.179737110000,7644.882240588700,42533.688455259462
1642150800,42544.080000000000,42565.370000000000,42544.080000000000,42557.280000000000,0.076280000000,3245.462833500000,42546.707308599896
1642150860,42541.670000000000,42541.670000000000,42522.770000000000,42536.750000000000,0.081016890000,3446.113828455300,42535.745675442491
1642150920,42504.010000000000,42527.180000000000,42498.840000000000,42527.180000000000,0.027251230000,1158.218550773200,42501.514638906208
1642150980,42536.830000000000,42556.940000000000,42535.690000000000,42556.940000000000,0.063514510000,2701.825561671700,42538.713778500378
1642151040,42564.450000000000,42565.840000000000,42564.450000000000,42565.840000000000,0.002266080000,96.456041907200,42565.152998658476
1642151100,42569.460000000000,42575.890000000000,42559.160000000000,42559.160000000000,0.040671860000,1731.477342237600,42571.875056552614
1642151160,42592.510000000000,42595.440000000000,42592.510000000000,42595.440000000000,0.029056290000,1237.584922487900,42592.668316839486
1642151220,42599.940000000000,42599.940000000000,42594.300000000000,42594.300000000000,0.611152540000,26034.257959647600,42598.625147901046
1642151280,42602.460000000000,42656.000000000000,42602.460000000000,42656.000000000000,2.441573290000,104119.925131004200,42644.603607620642
1642151340,42638.170000000000,42638.170000000000,42619.940000000000,42625.000000000000,0.978908030000,41726.041473215600,42625.088562421538
1642151400,42634.430000000000,42648.690000000000,42623.350000000000,42624.950000000000,2.742022270000,116896.965284689300,42631.661516260881
1642151460,42625.210000000000,42625.210000000000,42579.510000000000,42579.510000000000,0.919518400000,39157.658353708800,42584.964426713810
1642151520,42578.160000000000,42612.760000000000,42578.160000000000,42595.700000000000,1.305688350000,55627.831430775000,42604.218250683633
1642151580,42599.150000000000,42599.150000000000,42599.150000000000,42599.150000000000,0.010000000000,425.991500000000,42599.150000000000
1642151640,42607.740000000000,42610.740000000000,42595.900000000000,42605.660000000000,1.359204260000,57901.850850651000,42599.815608767294
1642151700,42617.620000000000,42641.720000000000,42602.960000000000,42641.720000000000,0.337826220000,14400.949871969600,42628.277556341245
1642151760,42641.720000000000,42642.430000000000,42605.240000000000,42628.880000000000,1.437511400000,61273.388899752900,42624.628159298702
1642151820,42623.450000000000,42624.250000000000,42604.480000000000,42624.250000000000,0.022146240000,943.835540755200,42618.319893363388
1642151880,42619.440000000000,42619.440000000000,42606.830000000000,42613.760000000000,0.880095730000,37498.821205553200,42607.661788738823
1642151940,42607.430000000000,42611.450000000000,42595.700000000000,42595.700000000000,1.039885100000,44306.216479657100,42606.838466727813
1642152000,42608.630000000000,42608.630000000000,42597.030000000000,42600.240000000000,1.383525040000,58936.413675344300,42598.732925964462
1642152060,42600.230000000000,42638.550000000000,42600.230000000000,42636.340000000000,1.386806740000,59109.741813416700,42622.912125028106
1642152120,42636.340000000000,42640.150000000000,42622.440000000000,42622.440000000000,0.482608720000,20577.453640282300,42637.964851282215
1642152180,42622.440000000000,42622.440000000000,42544.290000000000,42568.740000000000,4.342615920000,184920.277975539600,42582.692409864237
1642152240,42562.890000000000,42591.840000000000,42552.980000000000,42572.940000000000,2.642640130000,112483.288059625700,42564.739247952652
1642152300,42572.940000000000,42595.540000000000,42566.000000000000,42580.040000000000,0.807310280000,34365.115581692000,42567.419780275808
1642152360,42546.890000000000,42558.590000000000,42515.980000000000,42525.880000000000,2.126650120000,90462.542406174700,42537.576611885128
1642152420,42509.550000000000,42541.730000000000,42509.550000000000,42533.130000000000,1.003677080000,42689.428012237600,42533.030655873501
1642152480,42509.340000000000,42526.330000000000,42502.720000000000,42526.330000000000,1.951363350000,82963.156893311000,42515.483799217096
1642152540,42528.830000000000,42555.030000000000,42528.830000000000,42544.520000000000,0.829780830000,35298.817802404500,42539.929251444022
1642152600,42533.900000000000,42580.410000000000,42532.330000000000,42580.400000000000,3.712146420000,157944.215405056500,42547.948689226677
1642152660,42615.350000000000,42615.350000000000,42587.910000000000,42613.250000000000,0.372338840000,15866.182422469100,42612.214246757335
1642152720,42614.600000000000,42635.250000000000,42612.450000000000,42635.250000000000,0.078399850000,3341.398614069000,42619.961824786655
1642152780,42636.090000000000,42636.090000000000,42602.280000000000,42615.950000000000,0.249460980000,10631.253158459900,42616.898075442099
1642152840,42615.930000000000,42624.350000000000,42592.040000000000,42624.350000000000,1.023292570000,43592.275891839100,42600.012127361680
1642152900,42646.550000000000,42646.550000000000,42625.450000000000,42644.250000000000,0.932764430000,39759.631158695500,42625.586782608659
1642152960,42646.550000000000,42646.550000000000,42645.720000000000,42645.720000000000,0.075880000000,3236.019716000000,42646.543437005799
1642153020,42645.720000000000,42645.720000000000,42632.270000000000,42632.270000000000,0.015864970000,676.494184581900,42640.747797310679
1642153080,42643.850000000000,42652.980000000000,42630.800000000000,42652.980000000000,0.039384400000,1679.380143009500,42640.744635172810
1642153140,42652.980000000000,42674.360000000000,42636.270000000000,42674.360000000000,1.769212030000,75468.580202996600,42656.605835421886
1642153200,42674.360000000000,42680.110000000000,42660.320000000000,42671.590000000000,0.025574840000,1091.470326743200,42677.503622435175
1642153260,42673.890000000000,42673.890000000000,42656.350000000000,42656.350000000000,0.029763510000,1270.023159836800,42670.476695685422
1642153320,42664.880000000000,42664.880000000000,42646.550000000000,42655.550000000000,0.031814610000,1357.022273799500,42654.059685141513
1642153380,42663.510000000000,42663.510000000000,42616.830000000000,42654.550000000000,0.211806500000,9031.411111365100,42639.914787152896
1642153440,42652.170000000000,42652.250000000000,42621.190000000000,42635.860000000000,0.738033470000,31469.616810227100,42639.823381217522
1642153500,42635.550000000000,42636.650000000000,42609.600000000000,42630.000000000000,0.049816600000,2123.736120861000,42631.093267324547
1642153560,42599.790000000000,42636.750000000000,42599.790000000000,42636.750000000000,0.149854220000,6387.092081900800,42622.036816185757
1642153620,42636.750000000000,42638.250000000000,42628.210000000000,42638.250000000000,0.033438300000,1425.687545547600,42636.364454759961
1642153680,42642.700000000000,42651.850000000000,42605.910000000000,42614.950000000000,0.147054680000,6266.781214666000,42615.312988787572
1642153740,42636.150000000000,42671.760000000000,42632.680000000000,42671.760000000000,0.955669830000,40761.495422237200,42652.278164140853
1642153800,42680.110000000000,42721.370000000000,42680.110000000000,42704.610000000000,1.638229640000,69953.639939183400,42700.753442101926
1642153860,42695.980000000000,42698.590000000000,42643.060000000000,42659.860000000000,0.360625930000,15388.786390147200,42672.434536660191
1642153920,42659.680000000000,42668.950000000000,42656.740000000000,42668.950000000000,0.052078000000,2221.876337400000,42664.394512078037
1642153980,42649.450000000000,42649.450000000000,42619.550000000000,42629.400000000000,0.149757040000,6384.285185442000,42630.952010282789
1642154040,42635.480000000000,42648.450000000000,42608.170000000000,42619.650000000000,0.767845930000,32720.351204521800,42613.172677130424
1642154100,42605.440000000000,42613.550000000000,42594.320000000000,42613.530000000000,0.344197600000,14664.883551370100,42606.001759948646
1642154160,42604.540000000000,42606.640000000000,42593.000000000000,42606.640000000000,0.278795870000,11875.404892978400,42595.340070777950
1642154220,42606.630000000000,42606.630000000000,42575.500000000000,42575.500000000000,0.045821550000,1951.569516998700,42590.648221168861
1642154280,42585.630000000000,42600.040000000000,42572.000000000000,42600.040000000000,0.032771330000,1395.850648402500,42593.652695893026
1642154340,42600.040000000000,42600.040000000000,42568.500000000000,42581.240000000000,0.103320050000,4398.920883418000,42575.675131961317
1642154400,42603.040000000000,42603.040000000000,42581.240000000000,42581.240000000000,0.056443460000,2404.003166069700,42591.350106278035
1642154460,42596.540000000000,42597.740000000000,42581.240000000000,42581.240000000000,0.114396660000,4872.825648570700,42595.873415978229
1642154520,42589.620000000000,42589.620000000000,42554.500000000000,42566.740000000000,0.084502930000,3598.631262750800,42585.875575566432
1642154580,42571.670000000000,42585.640000000000,42568.020000000000,42576.740000000000,0.057079090000,2430.277669735600,42577.372374640170
1642154640,42576.750000000000,42577.400000000000,42551.000000000000,42563.340000000000,0.208285740000,8865.450288835800,42563.885020817075
1642154700,42564.430000000000,42564.430000000000,42547.610000000000,42557.420000000000,0.014848790000,631.917571320700,42556.839400429260
1642154760,42547.500000000000,42566.240000000000,42530.000000000000,42566.240000000000,0.838071100000,35656.192563586100,42545.546032533636
1642154820,42566.240000000000,42566.240000000000,42536.730000000000,42557.430000000000,0.904758390000,38500.197328367800,42553.014985987365
1642154880,42589.480000000000,42591.840000000000,42581.040000000000,42591.840000000000,0.006300000000,268.314159200000,42589.549079365079
1642154940,42591.840000000000,42622.950000000000,42590.840000000000,42622.950000000000,2.408632430000,102605.856625518600,42599.217442870102
1642155000,42624.050000000000,42632.730000000000,42587.570000000000,42614.130000000000,2.930817630000,124863.409038900100,42603.609232042220
1642155060,42613.870000000000,42624.550000000000,42594.440000000000,42624.550000000000,0.075154470000,3202.217928948200,42608.482621834736
1642155120,42615.960000000000,42640.050000000000,42606.660000000000,42620.110000000000,1.280189550000,54553.310870692600,42613.463663011934
1642155180,42626.690000000000,42626.690000000000,42604.450000000000,42624.350000000000,0.508327520000,21660.934261624100,42612.161272763867
1642155240,42624.350000000000,42624.350000000000,42604.520000000000,42604.520000000000,0.769158580000,32769.970334577800,42604.959740002900
1642155300,42594.310000000000,42594.310000000000,42512.500000000000,42523.510000000000,2.514760400000,106982.394998573700,42541.784497073240
1642155360,42512.300000000000,42515.460000000000,42492.770000000000,42497.040000000000,12.242137200000,520333.520616980000,42503.487104929685
1642155420,42491.500000000000,42497.000000000000,42456.500000000000,42456.500000000000,6.637864370000,282053.814277338600,42491.650711046180
1642155480,42473.170000000000,42503.850000000000,42473.170000000000,42479.410000000000,4.092450000000,173856.463895300000,42482.245084313796
1642155540,42474.450000000000,42493.210000000000,42474.450000000000,42486.160000000000,3.758498760000,159641.578686855800,42474.825423876368
1642155600,42491.750000000000,42496.010000000000,42453.000000000000,42469.000000000000,0.011745470000,498.936163272500,42479.029214880290
1642155660,42471.890000000000,42488.920000000000,42463.280000000000,42463.280000000000,0.222812120000,9466.703271260800,42487.380270251008
1642155720,42482.420000000000,42489.440000000000,42469.360000000000,42475.520000000000,0.067020000000,2847.292170100000,42484.216205610265
1642155780,42449.500000000000,42463.110000000000,42440.700000000000,42440.700000000000,0.101097140000,4291.452842719400,42448.805601418596
1642155840,42472.120000000000,42480.020000000000,42439.000000000000,42449.790000000000,0.569983130000,24203.149504367100,42462.922550650052
1642155900,42448.820000000000,42455.790000000000,42408.010000000000,42433.010000000000,3.188713670000,135262.912416375800,42419.271974449748
1642155960,42433.620000000000,42451.320000000000,42433.620000000000,42451.320000000000,0.087884790000,3729.364551239800,42434.698327660565
1642156020,42440.000000000000,42466.910000000000,42440.000000000000,42466.910000000000,0.049409250000,2098.102958933700,42463.768604738991
1642156080,42463.110000000000,42475.220000000000,42463.110000000000,42465.970000000000,0.272850790000,11586.398738994900,42464.230134700728
1642156140,42447.870000000000,42452.420000000000,42422.490000000000,42422.490000000000,0.030856210000,1309.715561232300,42445.768979155249
1642156200,42415.690000000000,42437.510000000000,42397.000000000000,42416.210000000000,0.794635470000,33708.318462126800,42419.851283666963
1642156260,42416.210000000000,42431.810000000000,42412.000000000000,42431.810000000000,0.413789580000,17551.437351819600,42416.334775321312
1642156320,42465.510000000000,42465.510000000000,42454.710000000000,42454.710000000000,0.074699210000,3171.451775068700,42456.296058133681
1642156380,42485.040000000000,42485.040000000000,42469.760000000000,42485.040000000000,0.105527730000,4483.165158404700,42483.290016801271
1642156440,42489.980000000000,42489.980000000000,42489.420000000000,42489.420000000000,0.006270000000,266.410774600000,42489.756714513557
1642156500,42490.560000000000,42495.570000000000,42483.210000000000,42483.210000000000,0.172669110000,7336.991260643100,42491.626097123568
1642156560,42486.430000000000,42495.970000000000,42483.320000000000,42494.110000000000,0.363201320000,15430.669757643000,42485.169816131175
1642156620,42489.520000000000,42489.520000000000,42483.010000000000,42483.010000000000,0.428048750000,18185.625818624000,42484.940835883763
1642156680,42486.990000000000,42504.970000000000,42486.990000000000,42504.970000000000,0.980197350000,41649.652303214400,42491.088456028166
1642156740,42505.550000000000,42513.820000000000,42505.550000000000,42513.820000000000,0.020870000000,887.170137800000,42509.350158121706
1642156800,42538.800000000000,42602.010000000000,42538.120000000000,42583.760000000000,1.487312030000,63318.280381630400,42572.290887494806
1642156860,42582.260000000000,42582.260000000000,42555.060000000000,42555.060000000000,0.247411560000,10529.542782832400,42558.814886549359
1642156920,42563.250000000000,42576.060000000000,42544.260000000000,42553.560000000000,0.073371410000,3122.787625237900,42561.368593542089
1642156980,42559.980000000000,42573.770000000000,42558.920000000000,42565.020000000000,0.055150000000,2347.214608300000,42560.555000906618
1642157040,42556.180000000000,42556.180000000000,42522.370000000000,42529.640000000000,0.212095560000,9018.897108360800,42522.800139525788
1642157100,42525.930000000000,42560.270000000000,42525.930000000000,42533.950000000000,0.230894010000,9820.616038661500,42533.004813167306
1642157160,42513.110000000000,42513.110000000000,42465.680000000000,42465.680000000000,0.594223660000,25247.758409454800,42488.645452883515
1642157220,42461.450000000000,42471.720000000000,42444.690000000000,42444.690000000000,0.707509840000,30041.720749970000,42461.205557183488
1642157280,42460.350000000000,42460.350000000000,42444.580000000000,42446.620000000000,0.486473990000,20651.123445748200,42450.621965931210
1642157340,42429.280000000000,42446.620000000000,42423.320000000000,42442.350000000000,0.068105170000,2890.411068287200,42440.406040939329
1642157400,42445.110000000000,42482.320000000000,42445.110000000000,42477.920000000000,0.300382970000,12752.350609376000,42453.640462293850
1642157460,42474.340000000000,42490.020000000000,42474.340000000000,42490.020000000000,0.029640000000,1258.965152800000,42475.207584345479
1642157520,42484.530000000000,42484.530000000000,42383.000000000000,42401.610000000000,1.589684960000,67391.972252395400,42393.287945804934
1642157580,42407.700000000000,42409.500000000000,42021.000000000000,42147.750000000000,33.977858400000,1434218.430220441600,42210.383401340022
1642157640,42118.620000000000,42144.480000000000,42052.900000000000,42144.480000000000,12.465108450000,524856.957548801300,42106.088338830402
1642157700,42151.620000000000,42160.950000000000,42061.130000000000,42061.130000000000,2.527049610000,106456.337847737900,42126.730486995820
1642157760,42068.060000000000,42123.400000000000,42036.030000000000,42087.440000000000,2.573310050000,108270.957381789600,42074.586924257184
1642157820,42088.640000000000,42141.450000000000,42088.640000000000,42097.180000000000,0.769017820000,32379.093357111600,42104.477315118134
1642157880,42100.340000000000,42117.280000000000,41977.440000000000,42106.740000000000,22.249774080000,934421.763335383900,41996.910169767616
1642157940,42131.450000000000,42152.950000000000,42093.520000000000,42093.520000000000,0.588661330000,24798.943973814500,42127.693310200111
1642158000,42072.560000000000,42076.830000000000,42024.420000000000,42053.570000000000,1.004130830000,42205.711082148700,42032.083689880033
1642158060,42037.360000000000,42065.620000000000,41995.490000000000,41995.490000000000,1.481251530000,62212.473337437500,41999.938617742727
1642158120,42025.590000000000,42025.590000000000,41985.350000000000,42001.550000000000,0.705654360000,29645.461668794600,42011.306596043140
1642158180,41977.000000000000,42025.840000000000,41977.000000000000,41990.570000000000,3.152218710000,132401.640144174200,42002.682023346724
1642158240,42019.020000000000,42064.030000000000,42019.020000000000,42051.310000000000,0.183330000000,7709.369454300000,42051.870693830797
1642158300,42060.030000000000,42064.230000000000,42029.840000000000,42029.840000000000,0.994002690000,41784.486938110700,42036.593420195573
1642158360,42043.930000000000,42043.930000000000,41944.290000000000,41961.850000000000,2.074420850000,87066.787781509300,41971.612357014874
1642158420,41942.400000000000,41986.090000000000,41908.880000000000,41908.880000000000,4.610756700000,193357.693058911800,41936.216903162945
1642158480,41935.760000000000,41953.110000000000,41918.310000000000,41953.110000000000,1.039878390000,43612.310435918500,41939.818016526433
1642158540,41924.230000000000,41997.020000000000,41900.770000000000,41997.020000000000,5.414931710000,227002.491142475600,41921.579679991125
1642158600,41977.460000000000,42034.340000000000,41974.430000000000,42015.230000000000,0.821038030000,34489.117212825800,42006.723139031453
1642158660,41999.580000000000,42022.330000000000,41971.810000000000,41985.350000000000,1.415848230000,59460.330879175500,41996.260347181067
1642158720,41989.150000000000,42017.080000000000,41972.900000000000,42012.520000000000,0.501679060000,21067.457466070400,41993.894395493406
1642158780,42036.330000000000,42049.440000000000,41994.180000000000,41994.180000000000,3.614766160000,151805.510526624600,41995.942145985067
1642158840,41994.180000000000,42002.910000000000,41968.210000000000,41995.840000000000,4.254050940000,178644.111932270000,41993.881702852858
1642158900,42004.340000000000,42046.430000000000,42004.340000000000,42046.430000000000,0.004030000000,169.398405500000,42034.343796526055
1642158960,42008.590000000000,42050.100000000000,42008.370000000000,42050.100000000000,0.274675930000,11544.062220909100,42027.935323306633
1642159020,42059.730000000000,42059.730000000000,42026.100000000000,42026.100000000000,1.375606590000,57827.168836655200,42037.577645404563
1642159080,42020.390000000000,42020.390000000000,41982.610000000000,41982.610000000000,0.218632400000,9182.016834231800,41997.511961776022
1642159140,41974.790000000000,41980.670000000000,41929.400000000000,41948.500000000000,0.544055850000,22825.806144260000,41954.895153245756
1642159200,41909.200000000000,41948.800000000000,41898.170000000000,41940.620000000000,4.340429010000,182018.115909306600,41935.512708525234
1642159260,41968.680000000000,41968.680000000000,41945.230000000000,41945.230000000000,0.272161850000,11420.920306747200,41963.707649500472
1642159320,41953.700000000000,41966.320000000000,41934.070000000000,41949.220000000000,0.140708120000,5901.368626404100,41940.498006825050
1642159380,41945.480000000000,41945.480000000000,41905.990000000000,41915.450000000000,0.187697090000,7867.772808227300,41917.393648603183
1642159440,41913.040000000000,41950.510000000000,41913.040000000000,41922.480000000000,0.081334570000,3411.197474675400,41940.314858434736
1642159500,41914.310000000000,41935.100000000000,41892.700000000000,41913.100000000000,0.370579590000,15528.572180923200,41903.473909405534
1642159560,41941.410000000000,41950.470000000000,41895.820000000000,41926.430000000000,7.743007570000,324464.138843048000,41904.148473284780
1642159620,41937.600000000000,41996.310000000000,41937.600000000000,41987.520000000000,0.190777000000,8002.725403200000,41948.061890060122
1642159680,41984.550000000000,41984.550000000000,41938.940000000000,41938.940000000000,0.154739310000,6493.848680334800,41966.379973742936
1642159740,41937.410000000000,41941.590000000000,41897.290000000000,41924.880000000000,1.524779070000,63915.591527616500,41917.936037524767
1642159800,41907.750000000000,41916.240000000000,41882.540000000000,41914.100000000000,7.169683360000,300319.985013121300,41887.482324340930
1642159860,41926.390000000000,41950.460000000000,41926.390000000000,41938.720000000000,0.055010000000,2307.220225000000,41941.832848572987
1642159920,41939.700000000000,41978.690000000000,41924.200000000000,41978.690000000000,1.494919500000,62723.367982389000,41957.689348750217
1642159980,41976.800000000000,41976.800000000000,41936.600000000000,41936.810000000000,0.020052870000,841.363933666300,41957.282606744072
1642160040,41936.500000000000,41966.070000000000,41936.500000000000,41966.070000000000,0.173955990000,7298.197016036400,41954.272549260305
1642160100,41961.640000000000,41991.630000000000,41956.350000000000,41991.630000000000,0.505579600000,21214.801615090400,41961.348153862221
1642160160,41960.340000000000,41964.730000000000,41932.000000000000,41934.190000000000,0.994879900000,41719.646226708400,41934.354314232703
1642160220,41922.790000000000,41945.700000000000,41922.790000000000,41929.980000000000,0.027366810000,1147.646269522000,41935.697639659135
1642160280,41927.730000000000,41927.730000000000,41908.880000000000,41923.900000000000,0.161585980000,6772.348553839400,41911.733640749030
1642160340,41925.370000000000,41940.920000000000,41866.610000000000,41889.230000000000,0.948137560000,39708.909851296500,41880.958551306100
1642160400,41877.180000000000,41938.840000000000,41848.910000000000,41935.820000000000,0.255167310000,10684.562667123900,41872.772288597235
1642160460,41924.630000000000,41933.000000000000,41903.430000000000,41903.430000000000,4.928372500000,206614.105253688200,41923.394640662450
1642160520,41922.820000000000,41925.950000000000,41888.670000000000,41900.850000000000,0.791918310000,33184.668267182700,41904.155830394552
1642160580,41884.910000000000,41903.410000000000,41877.860000000000,41903.410000000000,1.434520090000,60093.690346950300,41891.145872310718
1642160640,41904.790000000000,41904.790000000000,41868.050000000000,41879.820000000000,1.304139790000,54624.985544777700,41885.836137840484
1642160700,41879.000000000000,41885.890000000000,41860.410000000000,41865.510000000000,1.825309290000,76424.615331591700,41869.405777029546
1642160760,41859.860000000000,41875.830000000000,41859.860000000000,41869.360000000000,0.482948000000,20218.078704702400,41863.883284954903
1642160820,41875.490000000000,41904.790000000000,41851.250000000000,41904.790000000000,1.179509990000,49373.145818852100,41859.031493961404
1642160880,41904.790000000000,41935.700000000000,41904.790000000000,41935.700000000000,0.748124960000,31359.913243795200,41918.014931349436
1642160940,41945.250000000000,41986.350000000000,41941.990000000000,41953.850000000000,2.191320300000,91932.722690810000,41953.119628750758
1642161000,41965.190000000000,41965.190000000000,41933.630000000000,41953.480000000000,1.154066090000,48401.820897020900,41940.250490351813
1642161060,41953.480000000000,41976.310000000000,41933.370000000000,41976.310000000000,0.822439640000,34492.616559931600,41939.389691785284
1642161120,41976.980000000000,42019.870000000000,41976.980000000000,42019.870000000000,0.230717090000,9690.919604655100,42003.475358739572
1642161180,42014.080000000000,42030.020000000000,41994.980000000000,42022.020000000000,1.249690000000,52493.950895300000,42005.578099608704
1642161240,42022.290000000000,42022.290000000000,41986.200000000000,42012.870000000000,2.289940710000,96181.074446002900,42001.556645544286
1642161300,42007.530000000000,42055.030000000000,42007.530000000000,42022.270000000000,2.042774980000,85860.128275177400,42031.123895583155
1642161360,42030.210000000000,42030.210000000000,42008.700000000000,42008.700000000000,1.066144000000,44795.438262240000,42016.311363418075
1642161420,42025.320000000000,42050.530000000000,42018.740000000000,42048.130000000000,1.375757400000,57826.251228407500,42032.302518167447
1642161480,42048.130000000000,42048.130000000000,42024.190000000000,42040.930000000000,0.368893630000,15503.767882133300,42027.746269658546
1642161540,42045.120000000000,42057.740000000000,42017.530000000000,42019.380000000000,0.300110200000,12612.387102003800,42025.852843401523
1642161600,42016.040000000000,42016.040000000000,41994.860000000000,41999.620000000000,2.917725870000,122547.353497119100,42000.982599890064
1642161660,42006.430000000000,42084.380000000000,42005.480000000000,42072.880000000000,0.165784660000,6971.820290381200,42053.470389728458
1642161720,42084.640000000000,42095.550000000000,42042.130000000000,42042.130000000000,1.203832090000,50668.311680095400,42089.185112265450
1642161780,42029.060000000000,42029.060000000000,41997.470000000000,42015.220000000000,1.856752000000,78028.216801260000,42024.038105929062
1642161840,41971.000000000000,41994.410000000000,41961.610000000000,41985.980000000000,0.070288720000,2949.964073439200,41969.238783110576
1642161900,41986.340000000000,41996.120000000000,41980.660000000000,41996.120000000000,0.152580960000,6407.297688437600,41992.773465559530
1642161960,41985.160000000000,41989.120000000000,41947.000000000000,41956.110000000000,15.593739440000,654249.986362892800,41955.939361450097
1642162020,41949.310000000000,41965.840000000000,41944.430000000000,41944.430000000000,0.086714970000,3637.836084579900,41951.650154291698
1642162080,41940.710000000000,41940.710000000000,41915.000000000000,41922.800000000000,7.708619750000,323109.610702308300,41915.365030465836
1642162140,41922.790000000000,41922.790000000000,41884.350000000000,41897.710000000000,8.242637800000,345484.054848969100,41914.258909807865
1642162200,41905.040000000000,41951.510000000000,41905.040000000000,41921.300000000000,1.103671780000,46260.469800646400,41915.060835066744
1642162260,41927.210000000000,41927.940000000000,41916.690000000000,41921.720000000000,0.146431610000,6138.620537079600,41921.416674170283
1642162320,41925.900000000000,41925.900000000000,41893.550000000000,41918.080000000000,0.137060170000,5744.733202143600,41913.950654983137
1642162380,41890.400000000000,41892.760000000000,41872.000000000000,41872.000000000000,0.225244480000,9433.512527613300,41881.215147262655
1642162440,41860.310000000000,41960.710000000000,41782.210000000000,41960.710000000000,10.794903770000,451545.233937870600,41829.482092536579
1642162500,41984.410000000000,42030.690000000000,41984.410000000000,42014.190000000000,0.076995550000,3233.991101433000,42002.311840528447
1642162560,42026.110000000000,42047.100000000000,42003.570000000000,42031.630000000000,1.310368850000,55067.396788286300,42024.348173635461
1642162620,42021.860000000000,42031.780000000000,41992.750000000000,42006.720000000000,0.010483920000,440.492382777600,42016.000005494128
1642162680,42002.570000000000,42072.660000000000,42002.570000000000,42072.630000000000,0.576170640000,24228.002626902400,42050.047234101342
1642162740,42078.400000000000,42088.340000000000,42078.400000000000,42087.010000000000,0.163871710000,6896.682479066800,42085.863869162042
1642162800,42081.980000000000,42088.340000000000,42078.730000000000,42078.730000000000,0.218532730000,9197.490294216000,42087.472637238367
1642162860,42095.410000000000,42095.410000000000,42061.500000000000,42061.500000000000,0.193849940000,8154.500270737800,42066.044852723709
1642162920,42061.130000000000,42101.840000000000,42061.130000000000,42101.840000000000,0.113910000000,4792.088679400000,42069.078038802563
1642162980,42097.110000000000,42156.970000000000,42097.110000000000,42133.850000000000,1.419688910000,59829.954538548100,42143.003384134416
1642163040,42145.840000000000,42157.610000000000,42145.820000000000,42157.610000000000,0.121849330000,5136.036694201300,42150.717564071136
1642163100,42112.570000000000,42129.950000000000,42109.950000000000,42129.000000000000,0.138542710000,5834.708342572700,42114.870876805426
1642163160,42119.540000000000,42134.810000000000,42104.240000000000,42109.540000000000,0.400784140000,16883.950001783800,42127.290769998533
1642163220,42107.040000000000,42107.040000000000,42081.140000000000,42085.520000000000,0.663349130000,27919.449533917400,42088.620111580458
1642163280,42078.880000000000,42078.880000000000,42027.270000000000,42046.550000000000,0.122816210000,5163.944728759700,42046.116947915100
1642163340,42066.210000000000,42066.210000000000,42024.840000000000,42037.730000000000,0.054928950000,2309.532494054500,42045.815440755740
1642163400,42048.290000000000,42090.880000000000,42048.290000000000,42090.880000000000,0.092152620000,3877.826941307400,42080.484974897078
1642163460,42097.540000000000,42126.650000000000,42097.540000000000,42113.640000000000,0.056725200000,2388.674558708000,42109.583724834818
1642163520,42114.490000000000,42132.150000000000,42098.540000000000,42132.150000000000,0.178346020000,7513.374631999200,42128.075703619290
1642163580,42121.290000000000,42138.260000000000,42121.290000000000,42138.260000000000,0.469774000000,19788.961249160000,42124.428446785050
1642163640,42121.240000000000,42158.470000000000,42121.240000000000,42158.470000000000,0.339742860000,14317.154106391700,42141.147885761897
1642163700,42129.940000000000,42170.750000000000,42129.940000000000,42170.750000000000,0.722280950000,30436.884606099200,42139.952058958775
1642163760,42167.450000000000,42167.450000000000,42134.350000000000,42159.800000000000,0.697255440000,29379.467898116000,42135.874763653332
1642163820,42143.050000000000,42174.050000000000,42143.050000000000,42174.050000000000,0.046042510000,1941.119923059000,42159.298506076233
1642163880,42179.360000000000,42179.360000000000,42154.150000000000,42154.150000000000,0.108966030000,4594.199782524500,42161.761629055404
1642163940,42127.110000000000,42163.120000000000,42127.110000000000,42163.120000000000,0.839525600000,35389.556166734300,42154.231111873539
1642164000,42150.550000000000,42156.520000000000,42111.060000000000,42156.520000000000,1.281347450000,53971.732601853300,42121.075436528399
1642164060,42154.410000000000,42160.540000000000,42099.020000000000,42099.060000000000,3.632179680000,152961.377007820900,42112.833197673993
1642164120,42100.040000000000,42100.040000000000,42078.660000000000,42098.880000000000,0.901664910000,37953.708896049900,42092.919969625856
1642164180,42125.430000000000,42132.230000000000,42105.420000000000,42105.420000000000,0.828314540000,34896.793064391000,42129.881076808092
1642164240,42109.620000000000,42134.630000000000,42109.620000000000,42130.750000000000,0.727149950000,30626.551158658200,42118.618255640669
1642164300,42134.600000000000,42162.450000000000,42130.510000000000,42158.920000000000,1.766140760000,74439.009155481600,42147.834895946572
1642164360,42147.460000000000,42182.160000000000,42147.460000000000,42182.160000000000,0.054700330000,2306.895415661800,42173.336352117072
1642164420,42170.000000000000,42170.000000000000,42144.410000000000,42144.410000000000,0.087356650000,3682.846230756000,42158.739268916562
1642164480,42161.530000000000,42212.390000000000,42149.880000000000,42212.390000000000,0.631846240000,26659.135219692800,42192.441027571518
1642164540,42216.000000000000,42218.590000000000,42193.940000000000,42194.040000000000,0.495230080000,20897.509995128700,42197.578134043675
1642164600,42213.230000000000,42232.570000000000,42191.340000000000,42231.520000000000,9.181140840000,387506.949137952000,42206.840728297989
1642164660,42236.000000000000,42243.660000000000,42191.540000000000,42211.330000000000,8.246010180000,348090.800362747600,42213.239222892593
1642164720,42227.020000000000,42241.650000000000,42221.530000000000,42230.630000000000,4.532680540000,191413.286188196900,42229.600012401690
1642164780,42247.130000000000,42260.000000000000,42227.710000000000,42240.860000000000,1.832608820000,77405.748572053400,42238.009403476187
1642164840,42243.000000000000,42243.000000000000,42210.500000000000,42223.070000000000,0.119140510000,5029.515558386700,42214.991008404279
1642164900,42209.030000000000,42209.180000000000,42165.610000000000,42180.800000000000,3.038197400000,128132.662619314900,42173.909641063777
1642164960,42172.920000000000,42216.610000000000,42147.280000000000,42147.280000000000,6.826856990000,287857.042067659100,42165.383351271739
1642165020,42142.410000000000,42175.010000000000,42142.410000000000,42174.720000000000,0.213942230000,9016.231186645400,42143.298154111042
1642165080,42162.520000000000,42162.520000000000,42078.660000000000,42078.660000000000,5.183001470000,218259.943983201500,42110.723920593736
1642165140,42092.830000000000,42109.100000000000,42044.510000000000,42078.450000000000,5.578105520000,234694.125965836500,42074.163911807194
1642165200,42090.120000000000,42123.800000000000,42066.110000000000,42072.700000000000,2.934147360000,123445.787902613500,42072.115935790457
1642165260,42073.650000000000,42107.390000000000,42073.650000000000,42107.390000000000,0.021104000000,888.168688000000,42085.324488248673
1642165320,42088.880000000000,42088.880000000000,42073.310000000000,42080.340000000000,0.022146000000,931.997515640000,42084.237137180529
1642165380,42085.590000000000,42096.930000000000,42059.670000000000,42096.930000000000,0.533903440000,22471.041236744800,42088.212124545967
1642165440,42096.930000000000,42124.190000000000,42096.930000000000,42119.370000000000,0.146851450000,6183.208463382600,42105.191766118756
1642165500,42141.790000000000,42141.790000000000,42126.690000000000,42136.870000000000,0.028842260000,1215.322774819400,42136.877443702401
1642165560,42118.430000000000,42153.270000000000,42118.430000000000,42153.270000000000,0.092877920000,3914.581198371200,42147.597603081551
1642165620,42188.210000000000,42220.150000000000,42188.210000000000,42219.740000000000,0.272851280000,11519.220174577200,42217.944422240570
1642165680,42212.200000000000,42239.870000000000,42212.200000000000,42229.280000000000,0.030774160000,1299.714317352000,42233.949435240474
1642165740,42205.600000000000,42205.600000000000,42198.970000000000,42198.970000000000,0.020980740000,885.426237564000,42201.859303532669
1642165800,42201.000000000000,42233.930000000000,42190.400000000000,42228.040000000000,2.376530720000,100357.178934830700,42228.437482529450
1642165860,42228.650000000000,42242.800000000000,42228.650000000000,42229.080000000000,0.064583090000,2727.450958213500,42231.657825810131
1642165920,42235.460000000000,42249.480000000000,42201.000000000000,42221.680000000000,0.176297120000,7443.613608161600,42221.980757040160
1642165980,42254.140000000000,42265.570000000000,42231.880000000000,42236.250000000000,3.904159850000,164957.968130398700,42251.847892549455
1642166040,42236.250000000000,42288.880000000000,42236.250000000000,42268.150000000000,6.807435700000,287786.660077292500,42275.340195617639
1642166100,42294.520000000000,42308.040000000000,42292.150000000000,42292.150000000000,0.130352520000,5513.450788195600,42296.464910656119
1642166160,42275.710000000000,42314.950000000000,42275.710000000000,42278.340000000000,2.979452970000,125995.025019037100,42287.972418989752
1642166220,42283.010000000000,42299.550000000000,42236.460000000000,42245.570000000000,0.632792340000,26743.182599514800,42262.178141275857
1642166280,42248.450000000000,42268.760000000000,42233.000000000000,42233.000000000000,0.008040000000,339.664197000000,42246.790671641792
1642166340,42233.010000000000,42252.370000000000,42206.800000000000,42219.440000000000,0.123488960000,5214.421959572400,42225.814838609054
1642166400,42242.140000000000,42248.210000000000,42212.020000000000,42248.210000000000,0.187840000000,7930.385969900000,42218.835018632879
1642166460,42255.250000000000,42286.310000000000,42242.980000000000,42286.310000000000,0.493436180000,20862.859161995500,42280.764985647181
1642166520,42283.790000000000,42328.240000000000,42280.650000000000,42328.240000000000,0.462782460000,19568.761478878000,42285.011145145820
1642166580,42325.170000000000,42325.170000000000,42289.830000000000,42305.830000000000,0.031306020000,1324.690197250700,42314.232126942358
1642166640,42291.360000000000,42301.700000000000,42290.080000000000,42290.080000000000,0.048109250000,2034.955372063000,42298.630140004260
1642166700,42285.860000000000,42318.130000000000,42285.860000000000,42318.130000000000,0.130342440000,5515.627641073400,42316.436926249041
1642166760,42313.590000000000,42313.870000000000,42298.230000000000,42302.870000000000,0.693137720000,29322.385186129200,42303.837087569264
1642166820,42326.360000000000,42326.360000000000,42290.000000000000,42318.940000000000,0.061370670000,2596.054256884200,42301.220711525554
1642166880,42309.500000000000,42309.500000000000,42253.870000000000,42253.870000000000,1.035270340000,43763.008518113100,42272.058637469610
1642166940,42250.930000000000,42264.400000000000,42237.660000000000,42257.560000000000,0.118797090000,5018.844748778600,42247.202762109745
1642167000,42332.020000000000,42337.050000000000,42312.370000000000,42337.050000000000,0.120393200000,5096.904522860000,42335.485084373536
1642167060,42318.950000000000,42335.170000000000,42289.920000000000,42313.280000000000,0.220500160000,9328.361294174400,42305.462699774912
1642167120,42300.880000000000,42308.270000000000,42267.710000000000,42302.050000000000,0.317680320000,13438.456207216100,42301.821551980620
1642167180,42288.520000000000,42288.520000000000,42197.800000000000,42270.980000000000,2.233717650000,94372.307272935600,42248.986693969849
1642167240,42270.050000000000,42286.320000000000,42261.150000000000,42265.450000000000,0.093951650000,3971.424022728600,42270.934280862550
1642167300,42244.900000000000,42244.900000000000,42224.800000000000,42234.360000000000,0.198249330000,8371.596027070600,42227.613213475174
1642167360,42213.050000000000,42224.560000000000,42203.240000000000,42223.620000000000,0.530461970000,22392.141376768300,42212.529159759181
1642167420,42224.560000000000,42243.300000000000,42211.380000000000,42243.220000000000,0.408200470000,17237.823176754600,42228.817562984677
1642167480,42239.340000000000,42239.340000000000,42217.890000000000,42231.110000000000,0.599135120000,25303.374384094000,42233.168344553062
1642167540,42232.740000000000,42236.210000000000,42213.100000000000,42222.120000000000,0.408884900000,17266.921973899600,42229.297227409474
1642167600,42227.480000000000,42289.310000000000,42227.480000000000,42289.310000000000,0.365440070000,15443.296132393100,42259.449360309886
1642167660,42290.930000000000,42320.560000000000,42277.000000000000,42291.710000000000,0.599988480000,25386.430864869800,42311.530489501732
1642167720,42291.700000000000,42291.700000000000,42216.880000000000,42255.520000000000,0.937110720000,39569.124765218200,42224.599421099569
1642167780,42265.380000000000,42285.490000000000,42265.380000000000,42285.490000000000,2.869180300000,121309.273614748100,42280.115200410410
1642167840,42255.070000000000,42317.590000000000,42255.070000000000,42317.590000000000,0.052636090000,2225.007773798100,42271.524609789595
1642167900,42295.570000000000,42326.360000000000,42282.540000000000,42308.690000000000,0.140497050000,5943.438789907000,42302.943655450416
1642167960,42326.360000000000,42346.890000000000,42249.510000000000,42249.510000000000,3.748404020000,158679.698384689100,42332.602765880372
1642168020,42253.980000000000,42271.540000000000,42253.120000000000,42253.120000000000,0.241620000000,10213.620084400000,42271.418278288221
1642168080,42223.060000000000,42223.060000000000,42194.220000000000,42194.220000000000,0.131177950000,5535.173489509600,42195.913943689469
1642168140,42220.130000000000,42221.020000000000,42159.960000000000,42195.170000000000,1.170677900000,49402.719321271900,42200.095620897857
1642168200,42213.800000000000,42213.800000000000,42163.720000000000,42185.030000000000,0.302065480000,12740.756519421700,42178.790239194826
1642168260,42185.030000000000,42185.030000000000,42137.630000000000,42149.720000000000,4.503034820000,189769.948452048700,42142.678446365800
1642168320,42149.720000000000,42167.380000000000,42149.720000000000,42167.380000000000,0.195893240000,8257.036961498800,42150.698827069275
1642168380,42160.470000000000,42172.640000000000,42131.790000000000,42172.640000000000,0.065124330000,2744.631484982400,42144.487090806155
1642168440,42145.040000000000,42172.320000000000,42142.930000000000,42170.770000000000,0.091856000000,3871.853719540000,42151.342531135691
1642168500,42149.350000000000,42156.560000000000,42119.400000000000,42146.160000000000,0.047141240000,1986.338301156000,42135.894201255631
1642168560,42146.160000000000,42156.690000000000,42146.160000000000,42152.400000000000,1.654019340000,69722.125337723400,42153.149997462182
1642168620,42167.220000000000,42177.750000000000,42160.930000000000,42177.750000000000,0.047666260000,2009.911304569300,42166.331165258194
1642168680,42177.750000000000,42188.280000000000,42163.520000000000,42188.280000000000,0.442769750000,18669.617716520000,42165.522185108625
1642168740,42188.910000000000,42195.060000000000,42168.770000000000,42188.550000000000,0.750134800000,31649.929981479700,42192.323275069627
1642168800,42171.490000000000,42171.490000000000,42140.040000000000,42152.370000000000,0.270104620000,11385.988103270100,42153.992416975689
1642168860,42154.100000000000,42185.330000000000,42154.100000000000,42185.330000000000,0.138843430000,5856.130820327800,42177.946917097914
1642168920,42194.810000000000,42236.970000000000,42194.810000000000,42227.470000000000,1.305232160000,55099.884723757100,42214.623890172228
1642168980,42224.820000000000,42240.970000000000,42209.270000000000,42235.810000000000,2.427756910000,102514.513742391000,42226.020784919113
1642169040,42242.900000000000,42282.620000000000,42242.900000000000,42276.080000000000,1.640440510000,69338.631751645100,42268.300087057165
1642169100,42278.980000000000,42305.600000000000,42275.390000000000,42275.390000000000,1.668174740000,70541.179315338300,42286.444953205742
1642169160,42304.000000000000,42344.330000000000,42304.000000000000,42344.330000000000,3.102407170000,131304.276081628800,42323.353733619949
1642169220,42338.190000000000,42387.860000000000,42317.060000000000,42384.990000000000,3.712149370000,157188.834659383200,42344.426097105894
1642169280,42342.200000000000,42362.410000000000,42336.380000000000,42362.410000000000,0.091166090000,3860.569977832100,42346.556464493541
1642169340,42350.310000000000,42410.090000000000,42348.390000000000,42405.490000000000,7.900186470000,334827.587401645500,42382.238529826182
1642169400,42373.270000000000,42373.270000000000,42373.270000000000,42373.270000000000,0.002160000000,91.526263200000,42373.270000000000
1642169460,42376.850000000000,42379.230000000000,42338.570000000000,42338.570000000000,1.417628580000,60065.820587759000,42370.633207577545
1642169520,42361.700000000000,42372.910000000000,42361.700000000000,42372.910000000000,0.014710000000,623.187689000000,42364.900679809653
1642169580,42346.780000000000,42348.750000000000,42332.640000000000,42345.840000000000,0.069902070000,2960.003755908500,42345.008608593422
1642169640,42337.760000000000,42402.800000000000,42337.760000000000,42373.050000000000,4.575809650000,193917.702593080500,42378.883176025579
1642169700,42377.380000000000,42404.500000000000,42353.640000000000,42404.500000000000,1.015300220000,43022.645718876800,42374.309461763734
1642169760,42401.700000000000,42407.570000000000,42384.300000000000,42384.300000000000,0.904921270000,38366.093803359600,42397.162134734218
1642169820,42375.480000000000,42377.890000000000,42330.530000000000,42330.530000000000,0.124280950000,5264.487400544300,42359.568385535354
1642169880,42313.600000000000,42313.600000000000,42287.720000000000,42305.750000000000,0.645823800000,27318.226986742500,42299.814572864146
1642169940,42328.970000000000,42332.040000000000,42315.960000000000,42324.820000000000,0.013820000000,584.941479100000,42325.722076700434
1642170000,42326.460000000000,42328.460000000000,42293.150000000000,42327.150000000000,0.228403900000,9663.008904934500,42306.672105574817
1642170060,42338.030000000000,42347.920000000000,42307.420000000000,42307.420000000000,11.824628820000,500456.385899243300,42323.221601068684
1642170120,42329.270000000000,42329.270000000000,42293.100000000000,42293.100000000000,11.735407640000,496749.677664322800,42329.136993175875
1642170180,42280.200000000000,42299.510000000000,42272.290000000000,42289.790000000000,0.308772370000,13058.245703168400,42290.849091090631
1642170240,42255.330000000000,42307.410000000000,42242.900000000000,42307.410000000000,1.162677770000,49144.130237837000,42268.056985244501
1642170300,42319.120000000000,42319.120000000000,42289.140000000000,42289.140000000000,0.155535260000,6579.699235521100,42303.585923353328
1642170360,42313.060000000000,42336.290000000000,42309.140000000000,42319.280000000000,0.182138720000,7707.918808465400,42318.946836045625
1642170420,42352.230000000000,42352.230000000000,42325.990000000000,42340.040000000000,0.414300010000,17539.370513423600,42334.950736360348
1642170480,42343.920000000000,42343.920000000000,42328.470000000000,42328.470000000000,0.005280660000,223.584569390200,42340.269850776228
1642170540,42335.270000000000,42336.890000000000,42300.000000000000,42300.000000000000,6.432342270000,272108.317856584500,42303.146573166496
1642170600,42309.880000000000,42355.410000000000,42309.880000000000,42355.280000000000,2.102031200000,89005.452131921100,42342.593264991071
1642170660,42360.510000000000,42373.300000000000,42335.790000000000,42367.990000000000,0.259294480000,10979.287780149300,42342.929090311911
1642170720,42343.670000000000,42361.790000000000,42321.980000000000,42322.750000000000,0.835721550000,35389.953677397200,42346.585028706271
1642170780,42314.490000000000,42316.080000000000,42250.930000000000,42259.330000000000,0.032482520000,1373.871170567100,42295.707678071159
1642170840,42255.720000000000,42255.720000000000,42167.090000000000,42202.440000000000,15.323730080000,646320.022868381500,42177.721709672760
1642170900,42176.180000000000,42327.740000000000,42173.850000000000,42327.740000000000,4.786024630000,202288.796484992200,42266.559853661305
1642170960,42333.370000000000,42394.300000000000,42333.370000000000,42394.300000000000,1.539878870000,65220.602536048300,42354.372026709023
1642171020,42397.410000000000,42511.390000000000,42372.430000000000,42511.390000000000,9.397626310000,398976.246572827100,42455.002296513651
1642171080,42514.520000000000,42571.240000000000,42513.800000000000,42528.290000000000,6.229033780000,264953.258251273700,42535.209730597046
1642171140,42522.040000000000,42522.040000000000,42481.230000000000,42492.720000000000,0.334458250000,14210.794177216200,42488.992803186048
1642171200,42502.800000000000,42591.670000000000,42502.800000000000,42590.090000000000,1.146788870000,48808.617068484700,42561.118567958111
1642171260,42589.810000000000,42608.290000000000,42508.880000000000,42508.880000000000,6.371670270000,271318.694585199300,42582.036277467212
1642171320,42525.180000000000,42525.180000000000,42484.510000000000,42484.510000000000,0.463536090000,19705.991995689700,42512.314404019111
1642171380,42469.490000000000,42494.710000000000,42452.980000000000,42461.280000000000,0.757023070000,32151.460542200500,42470.912467965474
1642171440,42466.330000000000,42540.640000000000,42466.330000000000,42530.370000000000,1.854113900000,78843.301299660900,42523.440064637291
1642171500,42540.140000000000,42574.790000000000,42494.770000000000,42574.790000000000,1.515962100000,64485.356608173500,42537.578352502018
1642171560,42570.740000000000,42701.000000000000,42548.160000000000,42674.250000000000,7.609101630000,324512.060935277000,42647.881013422211
1642171620,42684.070000000000,42814.630000000000,42684.070000000000,42748.620000000000,13.870189850000,593141.783957207600,42763.782642615204
1642171680,42779.790000000000,42785.780000000000,42713.590000000000,42773.880000000000,0.578736050000,24745.297435262000,42757.484064215456
1642171740,42765.680000000000,42796.580000000000,42756.790000000000,42764.230000000000,6.181330090000,264344.619819574400,42765.006231785690
1642171800,42751.720000000000,42875.840000000000,42727.970000000000,42830.470000000000,6.932086140000,296836.478890416200,42820.656422255046
1642171860,42830.470000000000,42899.270000000000,42830.470000000000,42879.190000000000,3.661618730000,157009.931615092700,42879.923660182037
1642171920,42885.080000000000,42910.220000000000,42815.490000000000,42899.270000000000,7.322269390000,313937.203413107900,42874.303947605497
1642171980,42906.230000000000,43000.000000000000,42906.230000000000,42956.460000000000,4.822088990000,207061.331316784600,42940.172142444141
1642172040,42916.110000000000,42973.120000000000,42911.780000000000,42966.320000000000,0.164547420000,7063.131393557200,42924.595193028247
1642172100,42962.130000000000,43103.570000000000,42962.130000000000,43094.520000000000,14.925250260000,642753.388799002400,43064.831584204364
1642172160,43050.640000000000,43073.140000000000,43033.860000000000,43066.960000000000,1.497237390000,64456.369810324900,43050.200483121049
1642172220,43070.540000000000,43105.550000000000,43020.640000000000,43020.640000000000,5.223033510000,225061.412687782500,43090.172072777397
1642172280,43053.750000000000,43087.840000000000,43053.200000000000,43053.200000000000,0.116352890000,5009.541465549400,43054.723140520188
1642172340,43062.040000000000,43062.040000000000,43000.000000000000,43010.030000000000,0.688031560000,29606.093393119500,43030.138607478268
1642172400,43019.480000000000,43050.620000000000,42960.180000000000,42987.620000000000,4.540232500000,195209.122609819700,42995.402242026086
1642172460,42973.200000000000,42988.700000000000,42904.570000000000,42904.570000000000,4.350782940000,186831.945038357100,42942.143429099017
1642172520,42895.570000000000,42942.510000000000,42858.360000000000,42876.490000000000,6.347906010000,272173.037278584400,42876.034530099226
1642172580,42897.760000000000,42915.700000000000,42813.000000000000,42828.280000000000,4.468397620000,191417.670618832000,42838.101462159493
1642172640,42836.070000000000,42912.320000000000,42836.070000000000,42912.320000000000,0.437462810000,18760.048803819000,42883.756915974183
1642172700,42931.510000000000,43092.690000000000,42931.510000000000,43090.990000000000,3.573305610000,153686.297055715300,43009.558607475307
1642172760,43096.000000000000,43160.000000000000,43069.690000000000,43160.000000000000,3.697412790000,159528.961146624900,43146.105184167143
1642172820,43174.840000000000,43228.000000000000,43135.440000000000,43185.250000000000,5.993228620000,258907.596187364300,43200.019989787124
1642172880,43184.960000000000,43210.670000000000,43151.600000000000,43168.560000000000,1.652753180000,71344.198984861600,43166.880480521357
1642172940,43173.540000000000,43201.690000000000,43107.940000000000,43163.580000000000,2.307202570000,99588.314237131500,43164.096439582027
1642173000,43156.040000000000,43156.040000000000,43104.090000000000,43104.090000000000,0.854349290000,36835.505158211800,43115.275671630511
1642173060,43116.990000000000,43225.780000000000,43099.830000000000,43180.090000000000,0.902996800000,38957.061467889300,43141.970677957331
1642173120,43208.640000000000,43208.640000000000,43135.520000000000,43135.520000000000,0.145695380000,6286.590074297600,43148.863569301923
1642173180,43155.380000000000,43155.380000000000,43125.740000000000,43125.740000000000,2.320397360000,100131.090252570400,43152.561702867307
1642173240,43114.880000000000,43159.200000000000,43075.420000000000,43089.990000000000,3.876173270000,167078.908539147900,43104.086659972220
1642173300,43089.690000000000,43168.550000000000,43089.690000000000,43136.930000000000,0.283206420000,12208.436320755000,43107.908079043547
1642173360,43159.960000000000,43190.370000000000,43159.960000000000,43177.700000000000,0.895961160000,38675.343287262400,43166.316815856616
1642173420,43175.620000000000,43190.770000000000,43133.850000000000,43143.900000000000,0.411937860000,17780.139843252200,43162.189178853820
1642173480,43123.620000000000,43163.930000000000,43123.210000000000,43144.200000000000,0.119238000000,5143.389908236300,43135.492948861102
1642173540,43144.200000000000,43327.000000000000,43144.200000000000,43274.780000000000,13.698704320000,592730.982974128100,43269.127439209381
1642173600,43238.980000000000,43351.500000000000,43214.050000000000,43234.750000000000,8.972605940000,388398.072285208000,43287.097960440243
1642173660,43227.080000000000,43249.280000000000,43197.790000000000,43221.070000000000,0.307194540000,13277.658783865700,43222.313729487835
1642173720,43216.400000000000,43238.380000000000,43189.880000000000,43220.640000000000,0.939820000000,40604.283886500000,43204.319855397842
1642173780,43220.640000000000,43286.990000000000,43220.640000000000,43243.280000000000,0.250441800000,10831.116798286000,43248.039258166967
1642173840,43249.980000000000,43249.980000000000,43185.220000000000,43198.080000000000,3.837546850000,165807.666136024200,43206.681929114220
1642173900,43172.580000000000,43202.850000000000,43155.550000000000,43196.300000000000,15.769891410000,680993.284986754300,43183.130896825516
1642173960,43194.060000000000,43194.060000000000,43128.000000000000,43152.710000000000,1.857540930000,80127.264434132400,43136.203967323831
1642174020,43166.600000000000,43172.630000000000,43121.830000000000,43144.520000000000,0.260300000000,11227.478186300000,43132.839747598924
1642174080,43144.520000000000,43179.040000000000,43144.520000000000,43167.400000000000,0.042391860000,1829.860499640200,43165.374193069142
1642174140,43160.700000000000,43160.700000000000,43118.560000000000,43148.410000000000,0.664666240000,28678.379859378400,43147.038518728437
1642174200,43128.010000000000,43128.010000000000,43076.880000000000,43083.510000000000,0.485272120000,20906.993771401600,43083.030962919527
1642174260,43083.510000000000,43083.510000000000,43061.110000000000,43061.110000000000,0.551209460000,23740.011759511100,43068.948344085206
1642174320,43078.670000000000,43097.720000000000,43061.110000000000,43089.890000000000,0.544220000000,23446.041369900000,43081.917919040094
1642174380,43080.000000000000,43099.120000000000,43080.000000000000,43099.120000000000,0.237811070000,10244.976143400000,43080.316418407267
1642174440,43099.110000000000,43152.400000000000,43099.110000000000,43152.400000000000,5.439717650000,234572.785543808500,43122.235497610524
1642174500,43147.720000000000,43149.650000000000,43121.220000000000,43121.220000000000,9.596860750000,413919.798319407600,43130.749638042586
1642174560,43109.640000000000,43109.640000000000,43070.630000000000,43070.630000000000,2.448975950000,105486.894816821700,43073.879437983742
1642174620,43076.060000000000,43076.060000000000,43022.170000000000,43022.170000000000,0.057221240000,2463.984442300000,43060.661430965145
1642174680,43013.620000000000,43013.620000000000,42967.000000000000,42985.960000000000,0.670733500000,28835.089390501400,42990.382007908357
1642174740,42982.810000000000,43006.730000000000,42981.500000000000,43006.730000000000,0.475080220000,20422.632664957200,42987.756183486653
1642174800,43007.950000000000,43007.950000000000,42931.220000000000,42931.220000000000,1.411137270000,60627.163314587700,42963.335037269407
1642174860,42931.220000000000,42987.930000000000,42918.570000000000,42978.030000000000,2.214015070000,95024.779833341300,42919.662616994428
1642174920,42984.730000000000,43006.860000000000,42969.240000000000,43006.860000000000,0.455248940000,19568.185546227000,42983.484038923846
1642174980,42990.580000000000,43000.000000000000,42978.100000000000,42983.200000000000,1.099026830000,47235.095907929800,42979.019818769848
1642175040,42983.200000000000,42983.220000000000,42948.560000000000,42969.380000000000,0.035094860000,1507.729128641400,42961.537063872031
1642175100,42941.550000000000,42999.950000000000,42931.790000000000,42988.730000000000,0.592613670000,25457.505695003800,42958.012924345468
1642175160,42999.980000000000,43010.470000000000,42993.320000000000,43004.360000000000,0.684390000000,29429.304680000000,43000.781250456611
1642175220,42978.670000000000,43068.310000000000,42978.670000000000,43068.310000000000,2.854659900000,122842.462491192200,43032.258410605130
1642175280,43061.560000000000,43133.200000000000,43061.560000000000,43116.580000000000,1.673756210000,72127.465088599900,43093.172504853559
1642175340,43087.870000000000,43103.010000000000,43065.750000000000,43084.780000000000,0.809554460000,34878.336879076600,43083.373142155995
1642175400,43102.860000000000,43102.860000000000,43053.280000000000,43102.860000000000,2.842304140000,122406.734765555600,43066.022753481829
1642175460,43105.440000000000,43109.620000000000,43047.400000000000,43049.940000000000,0.684089370000,29450.576609622000,43050.773628629837
1642175520,43020.300000000000,43024.890000000000,42966.630000000000,42994.970000000000,2.786577520000,119770.348872920000,42981.165251386941
1642175580,42995.420000000000,43040.200000000000,42995.420000000000,43029.980000000000,0.554764660000,23867.611742056000,43022.949122346763
1642175640,43031.700000000000,43063.030000000000,43027.340000000000,43052.270000000000,0.093463610000,4022.689186437000,43040.164898798580
1642175700,43052.480000000000,43104.860000000000,43051.580000000000,43104.860000000000,1.625002150000,70010.040244620900,43083.044686815277
1642175760,43104.860000000000,43107.490000000000,43103.480000000000,43103.480000000000,0.008270000000,356.476026000000,43104.718984280532
1642175820,43098.640000000000,43104.390000000000,43053.600000000000,43093.750000000000,0.245656110000,10577.533219920400,43058.294865616817
1642175880,43086.970000000000,43097.890000000000,43058.390000000000,43069.000000000000,0.918179260000,39545.587106045700,43069.571301409814
1642175940,43086.420000000000,43123.800000000000,43086.420000000000,43123.800000000000,0.242043520000,10432.003708399300,43099.702517957515
1642176000,43121.680000000000,43147.120000000000,43105.810000000000,43147.120000000000,0.604162180000,26060.926416083500,43135.646816031252
1642176060,43162.440000000000,43190.040000000000,43162.440000000000,43163.790000000000,7.092886230000,306252.840232351000,43177.464053635468
1642176120,43173.070000000000,43173.080000000000,43127.810000000000,43139.880000000000,2.444211810000,105458.696720471700,43146.300287482737
1642176180,43116.140000000000,43116.140000000000,42999.330000000000,43044.330000000000,21.332900180000,918369.881450240500,43049.462271952585
1642176240,43012.340000000000,43055.030000000000,43012.340000000000,43055.030000000000,4.649536220000,200016.604365645100,43018.614094298872
1642176300,43061.020000000000,43061.020000000000,43018.730000000000,43045.730000000000,0.630330670000,27116.883111921100,43020.091521044184
1642176360,43022.600000000000,43048.430000000000,42999.740000000000,43017.930000000000,1.899081260000,81670.881322165100,43005.469561721176
1642176420,42999.950000000000,43010.920000000000,42968.580000000000,42981.020000000000,1.008790000000,43350.748257700000,42973.015451877991
1642176480,42981.250000000000,42981.250000000000,42943.610000000000,42953.190000000000,0.095388190000,4097.737904003200,42958.545539056774
1642176540,42949.460000000000,42974.300000000000,42903.150000000000,42903.160000000000,0.984965550000,42268.993927327600,42914.185097466201
1642176600,42928.740000000000,42954.860000000000,42928.740000000000,42952.520000000000,0.078223000000,3359.931206000000,42953.238893931452
1642176660,42952.020000000000,42952.020000000000,42875.440000000000,42914.310000000000,2.476119200000,106268.530826983600,42917.372809428400
1642176720,42928.940000000000,42960.020000000000,42928.940000000000,42941.880000000000,0.265680000000,11410.245244800000,42947.324769647696
1642176780,42938.070000000000,42959.020000000000,42936.480000000000,42936.480000000000,4.346136640000,186643.030422212800,42944.584094395338
1642176840,42936.490000000000,42962.020000000000,42932.030000000000,42955.690000000000,1.752790000000,75275.602785400000,42946.161710986485
1642176900,42966.100000000000,42966.100000000000,42863.140000000000,42909.160000000000,2.606576450000,111859.757502564800,42914.435716076848
1642176960,42925.110000000000,42965.900000000000,42918.460000000000,42965.900000000000,0.356342160000,15296.681962562000,42926.949655808339
1642177020,42964.290000000000,42982.990000000000,42964.290000000000,42982.860000000000,0.554290000000,23824.237026000000,42981.538591711920
1642177080,42995.490000000000,42995.490000000000,42973.160000000000,42974.940000000000,0.199710000000,8584.356529761000,42984.109607736217
1642177140,42981.290000000000,42981.290000000000,42953.680000000000,42981.290000000000,0.638580000000,27438.996172200000,42968.768474114441
1642177200,43001.070000000000,43021.420000000000,42983.660000000000,42983.660000000000,0.384904000000,16548.843217500000,42994.729120767776
1642177260,42966.560000000000,42986.050000000000,42943.900000000000,42956.900000000000,0.165397990000,7103.476361635000,42947.779242268905
1642177320,42939.280000000000,42962.250000000000,42939.280000000000,42949.600000000000,1.032089090000,44326.003104294200,42947.845814642029
1642177380,42960.890000000000,42999.270000000000,42960.890000000000,42960.890000000000,2.026286850000,87079.419699600400,42974.872831850239
1642177440,42978.000000000000,43008.480000000000,42963.960000000000,43008.480000000000,1.070148000000,45984.599907177800,42970.318037484348
1642177500,42993.270000000000,43021.420000000000,42993.270000000000,43016.200000000000,0.132072280000,5679.652794671600,43004.124670760586
1642177560,43012.750000000000,43081.360000000000,43012.750000000000,43081.360000000000,0.594743570000,25609.538905034000,43059.799545262843
1642177620,43058.820000000000,43082.370000000000,43051.580000000000,43063.980000000000,0.280004140000,12056.141218957400,43057.010581905682
1642177680,43060.440000000000,43060.440000000000,43024.590000000000,43025.630000000000,0.007344430000,316.149260549200,43046.126186674800
1642177740,43025.630000000000,43025.630000000000,43005.190000000000,43008.390000000000,0.033599770000,1445.402857949500,43018.236670950425
1642177800,43000.680000000000,43000.680000000000,42957.000000000000,42984.620000000000,0.315776620000,13568.028259741600,42967.171729628367
1642177860,42966.080000000000,43021.930000000000,42960.950000000000,43018.830000000000,0.464969830000,19989.090318623400,42990.080278162134
1642177920,43036.660000000000,43157.280000000000,43036.660000000000,43157.210000000000,4.069843040000,175459.720865593800,43112.159152357335
1642177980,43140.070000000000,43148.400000000000,43131.040000000000,43135.730000000000,0.062650000000,2702.377631800000,43134.519262569832
1642178040,43148.170000000000,43148.170000000000,43120.200000000000,43123.080000000000,0.094469020000,4075.099388715400,43136.886449286761
1642178100,43140.420000000000,43184.000000000000,43140.420000000000,43175.670000000000,0.199694310000,8621.943430396400,43175.709064501637
1642178160,43164.010000000000,43164.010000000000,43147.910000000000,43147.910000000000,0.004240000000,182.981109400000,43155.922028301887
1642178220,43123.680000000000,43167.220000000000,43123.680000000000,43164.900000000000,0.239384770000,10332.318086308700,43161.969269426372
1642178280,43187.110000000000,43216.940000000000,43183.740000000000,43216.940000000000,0.068354680000,2952.216606303200,43189.677814353018
1642178340,43204.540000000000,43204.540000000000,43183.490000000000,43190.990000000000,7.282468900000,314524.024619217800,43189.202582000426
1642178400,43190.990000000000,43256.580000000000,43190.450000000000,43231.310000000000,7.200015880000,311001.203790940000,43194.516369725007
1642178460,43214.290000000000,43214.290000000000,43169.740000000000,43176.360000000000,0.667332450000,28817.094672485700,43182.516708854334
1642178520,43170.030000000000,43170.030000000000,43122.630000000000,43125.630000000000,0.521639760000,22498.118357739700,43129.607984137751
1642178580,43139.550000000000,43179.220000000000,43116.390000000000,43116.390000000000,0.032178170000,1388.632873306300,43154.501120054372
1642178640,43109.570000000000,43178.480000000000,43109.570000000000,43136.710000000000,1.540042370000,66439.556885991900,43141.382458192952
1642178700,43157.560000000000,43182.080000000000,43157.560000000000,43182.080000000000,0.052029460000,2245.977450814200,43167.418051507742
1642178760,43206.680000000000,43233.820000000000,43194.320000000000,43220.460000000000,2.801437300000,121098.296760512300,43227.202250970351
1642178820,43225.120000000000,43233.230000000000,43218.930000000000,43225.590000000000,0.009228160000,398.858925718000,43221.934352893751
1642178880,43218.450000000000,43218.450000000000,43191.340000000000,43191.340000000000,0.047582840000,2055.563513292000,43199.681088644561
1642178940,43191.340000000000,43207.690000000000,43180.040000000000,43204.210000000000,0.498402010000,21527.873648599200,43193.793798301896
1642179000,43204.880000000000,43243.710000000000,43204.870000000000,43228.870000000000,0.092724960000,4007.278705943700,43216.828628922569
1642179060,43217.760000000000,43221.940000000000,43191.030000000000,43215.140000000000,0.198589910000,8581.743582929400,43213.391772670625
1642179120,43209.330000000000,43212.870000000000,43209.330000000000,43212.870000000000,0.008160000000,352.597443000000,43210.470955882353
1642179180,43215.150000000000,43234.130000000000,43206.460000000000,43210.960000000000,3.300039580000,142588.072101499600,43207.988463429157
1642179240,43229.650000000000,43229.650000000000,43213.010000000000,43217.180000000000,0.061650000000,2664.352437100000,43217.395573398216
1642179300,43214.590000000000,43220.660000000000,43191.370000000000,43191.370000000000,0.009158890000,395.761335751900,43210.622220804050
1642179360,43207.760000000000,43233.980000000000,43207.760000000000,43233.980000000000,0.024405590000,1055.088563429800,43231.430316980659
1642179420,43225.570000000000,43225.570000000000,43201.000000000000,43201.000000000000,10.110366600000,436799.281252283200,43203.110088241825
1642179480,43205.000000000000,43211.770000000000,43205.000000000000,43211.770000000000,0.037190000000,1606.812687160300,43205.503822541006
1642179540,43215.070000000000,43231.270000000000,43201.680000000000,43227.870000000000,0.032853290000,1419.901988625400,43219.476302842121
1642179600,43231.260000000000,43231.390000000000,43192.690000000000,43209.680000000000,10.307444870000,445379.414208529600,43209.487882376575
1642179660,43229.050000000000,43237.420000000000,43207.690000000000,43214.510000000000,0.312050090000,13485.006711624900,43214.237533547579
1642179720,43216.160000000000,43288.000000000000,43216.160000000000,43271.480000000000,1.870901400000,80932.467315667900,43258.542281099314
1642179780,43261.000000000000,43261.000000000000,43163.790000000000,43163.790000000000,10.814275500000,467054.216686329200,43188.673775356398
1642179840,43151.800000000000,43155.030000000000,43129.740000000000,43138.140000000000,0.510391690000,22019.156544837000,43141.683096049232
1642179900,43145.930000000000,43148.300000000000,43137.610000000000,43137.610000000000,0.119840590000,5170.853247949900,43147.761939004973
1642179960,43145.380000000000,43146.660000000000,43120.950000000000,43123.450000000000,0.040183970000,1733.300333376200,43134.123715904626
1642180020,43137.630000000000,43142.960000000000,43103.960000000000,43128.050000000000,1.077854110000,46468.380113582100,43111.938510474391
1642180080,43130.590000000000,43157.480000000000,43130.570000000000,43154.560000000000,0.146059880000,6300.908679545600,43139.215776061161
1642180140,43133.780000000000,43171.580000000000,43131.890000000000,43168.340000000000,0.508908120000,21963.076282986000,43157.252595981373
1642180200,43146.230000000000,43209.200000000000,43146.230000000000,43209.200000000000,0.226674500000,9789.499588126100,43187.476262773714
1642180260,43186.960000000000,43186.960000000000,43130.020000000000,43130.020000000000,0.078105290000,3369.937007701700,43146.078936544503
1642180320,43138.650000000000,43159.550000000000,43138.330000000000,43159.550000000000,0.019865900000,857.256441545000,43152.157291892137
1642180380,43158.750000000000,43161.160000000000,43128.830000000000,43128.830000000000,0.015841470000,683.547706496400,43149.259916939527
1642180440,43142.360000000000,43142.360000000000,43112.860000000000,43127.580000000000,0.438255470000,18895.510574122900,43115.287469481897
1642180500,43134.740000000000,43155.960000000000,43134.740000000000,43136.810000000000,0.040373400000,1741.917523584000,43145.177854329831
1642180560,43132.450000000000,43149.260000000000,43122.990000000000,43149.260000000000,0.223374360000,9637.553775362800,43145.300003826760
1642180620,43149.260000000000,43156.260000000000,43134.570000000000,43151.060000000000,1.174984770000,50704.105475001600,43152.989527686899
1642180680,43152.380000000000,43161.730000000000,43146.860000000000,43161.730000000000,0.110940870000,4787.748737045200,43155.860748569936
1642180740,43153.850000000000,43160.460000000000,43150.060000000000,43150.060000000000,0.023778260000,1026.261692599600,43159.663179711215
1642180800,43143.060000000000,43143.060000000000,43118.720000000000,43118.720000000000,6.051773950000,260989.149962550000,43126.057271612070
1642180860,43124.620000000000,43127.660000000000,43110.000000000000,43117.550000000000,2.108414730000,90895.224359242500,43110.695000334447
1642180920,43117.550000000000,43117.550000000000,43052.060000000000,43052.060000000000,0.429693740000,18503.594317987900,43062.285054438773
1642180980,43040.000000000000,43079.920000000000,43040.000000000000,43056.050000000000,0.003661240000,157.666579800000,43063.710600780064
1642181040,43058.220000000000,43070.220000000000,43051.740000000000,43051.740000000000,0.006360000000,273.855849900000,43059.095896226415
1642181100,43074.840000000000,43074.840000000000,43068.020000000000,43073.240000000000,0.012170000000,524.171666200000,43070.802481511915
1642181160,43068.940000000000,43084.340000000000,43063.330000000000,43072.370000000000,0.312937800000,13477.762761759900,43068.503586846651
1642181220,43086.240000000000,43086.240000000000,43058.230000000000,43058.940000000000,0.072801500000,3136.060549345400,43076.867225886829
1642181280,43068.540000000000,43079.240000000000,43066.940000000000,43079.240000000000,0.016314470000,702.630773051800,43067.949682202364
1642181340,43073.640000000000,43090.440000000000,43060.980000000000,43082.150000000000,0.059818980000,2577.007777551200,43080.102294475767
1642181400,43076.260000000000,43108.310000000000,43065.430000000000,43096.590000000000,0.036589470000,1576.847186984500,43095.655306963998
1642181460,43098.990000000000,43101.280000000000,43073.300000000000,43083.940000000000,0.092576870000,3989.409897595600,43092.944248337624
1642181520,43085.890000000000,43085.890000000000,43069.900000000000,43069.900000000000,0.601401230000,25908.406423583800,43080.068897737039
1642181580,43066.040000000000,43078.830000000000,43030.760000000000,43033.330000000000,0.285810820000,12299.469942616000,43033.605035022818
1642181640,43026.050000000000,43042.830000000000,43026.050000000000,43036.380000000000,0.032820310000,1412.476980282400,43036.673946175402
1642181700,43046.930000000000,43079.960000000000,43046.930000000000,43069.110000000000,0.823621920000,35464.848896066500,43059.622424894301
1642181760,43072.440000000000,43090.140000000000,43064.440000000000,43064.440000000000,0.066927370000,2882.850926708300,43074.319620034375
1642181820,43059.490000000000,43083.340000000000,43054.840000000000,43083.340000000000,0.305045370000,13134.975920965800,43059.089606788000
1642181880,43046.490000000000,43054.040000000000,43022.480000000000,43030.030000000000,0.298796290000,12857.114338521300,43029.698723907516
1642181940,43020.430000000000,43020.430000000000,42989.000000000000,42989.000000000000,0.051082430000,2196.780249490000,43004.615275545818
1642182000,42981.480000000000,42993.160000000000,42945.000000000000,42945.000000000000,2.574978500000,110607.695548212400,42954.803524849779
1642182060,42932.380000000000,42965.720000000000,42925.000000000000,42965.120000000000,1.565773650000,67221.124960236800,42931.572491488026
1642182120,42967.820000000000,42968.980000000000,42951.170000000000,42951.170000000000,0.167728790000,7206.721976113400,42966.517412505034
1642182180,42945.380000000000,42946.630000000000,42945.380000000000,42946.630000000000,0.440403930000,18913.316038918400,42945.384340503955
1642182240,42949.020000000000,42949.020000000000,42949.020000000000,42949.020000000000,0.001180000000,50.679843600000,42949.020000000000
1642182300,42941.380000000000,42981.530000000000,42941.380000000000,42970.330000000000,1.644852640000,70668.098358801200,42963.178974379857
1642182360,42972.020000000000,42972.020000000000,42971.800000000000,42971.800000000000,0.046198600000,1985.244743480000,42971.967624127138
1642182420,42970.880000000000,42970.880000000000,42947.710000000000,42970.100000000000,3.004409470000,129045.121980805800,42951.908942294008
1642182480,42964.320000000000,42964.320000000000,42944.110000000000,42945.510000000000,0.390487540000,16770.578608633400,42947.794463898643
1642182540,42934.880000000000,42949.370000000000,42920.720000000000,42940.480000000000,1.634156420000,70148.499082697600,42926.428721369035
1642182600,42958.380000000000,42987.770000000000,42958.380000000000,42982.870000000000,0.069320080000,2978.616239810800,42969.024845482001
1642182660,42982.410000000000,42983.480000000000,42962.880000000000,42962.880000000000,0.050250530000,2159.371084290000,42972.105653214006
1642182720,42978.820000000000,42978.820000000000,42958.220000000000,42960.310000000000,0.387661170000,16655.784006701100,42964.798374573084
1642182780,42960.510000000000,42966.430000000000,42929.780000000000,42929.780000000000,2.470170060000,106083.339913126000,42945.763788071335
1642182840,42944.040000000000,42944.040000000000,42921.090000000000,42921.300000000000,0.134879660000,5790.486814267900,42930.763721289777
1642182900,42919.600000000000,42934.000000000000,42919.600000000000,42926.000000000000,0.197880000000,8493.101310600000,42920.463465736810
1642182960,42926.000000000000,42926.000000000000,42901.000000000000,42910.770000000000,0.040221170000,1726.147821070000,42916.400021928751
1642183020,42902.050000000000,42913.900000000000,42885.230000000000,42913.900000000000,2.180960000000,93538.301843808100,42888.591190947150
1642183080,42900.810000000000,42900.810000000000,42900.770000000000,42900.770000000000,0.006390000000,274.136042300000,42900.789092331768
1642183140,42918.970000000000,42940.110000000000,42918.970000000000,42930.810000000000,0.726173680000,31179.401792998700,42936.562769665103
1642183200,42917.780000000000,42917.780000000000,42878.070000000000,42898.400000000000,0.245704220000,10536.078648861300,42881.146481168700
1642183260,42901.210000000000,42916.000000000000,42901.210000000000,42913.300000000000,0.032922730000,1412.780562362200,42912.011317475798
1642183320,42913.300000000000,42951.420000000000,42913.300000000000,42951.420000000000,0.092953850000,3990.000341851600,42924.530203446119
1642183380,42951.720000000000,42952.920000000000,42951.720000000000,42952.920000000000,0.143684280000,6171.498218961600,42951.798338423661
1642183440,42965.320000000000,42975.810000000000,42965.320000000000,42975.810000000000,0.340910000000,14649.901723755600,42972.930461868528
1642183500,42977.470000000000,42988.350000000000,42975.450000000000,42983.000000000000,0.047206600000,2028.979693881000,42980.847887392865
1642183560,42980.430000000000,43002.950000000000,42973.820000000000,43002.950000000000,0.061878970000,2660.096258825400,42988.696463845471
1642183620,43007.290000000000,43007.290000000000,42968.630000000000,42968.630000000000,0.678826470000,29183.597762619600,42991.248945580451
1642183680,42971.310000000000,42979.730000000000,42971.310000000000,42978.790000000000,0.012370000000,531.626603700000,42977.090032336298
1642183740,42961.940000000000,42961.940000000000,42921.120000000000,42926.420000000000,0.208097720000,8936.304168589200,42942.825940568691
1642183800,42927.790000000000,42927.790000000000,42865.560000000000,42865.560000000000,1.318449590000,56521.550661880200,42869.709309007560
1642183860,42871.300000000000,42895.500000000000,42834.320000000000,42889.630000000000,0.431976370000,18512.891878496000,42856.260583179585
1642183920,42902.360000000000,42915.210000000000,42892.790000000000,42915.210000000000,0.812135210000,34850.643870017100,42912.366611979672
1642183980,42915.210000000000,42917.590000000000,42903.810000000000,42906.010000000000,0.112954620000,4847.415997370200,42914.720950503840
1642184040,42906.000000000000,42948.050000000000,42893.320000000000,42893.320000000000,0.055660000000,2387.605563800000,42896.255188645347
1642184100,42924.470000000000,42927.670000000000,42878.680000000000,42889.890000000000,0.181445090000,7781.504199748100,42886.275951297993
1642184160,42889.930000000000,42895.650000000000,42857.690000000000,42857.810000000000,0.359459390000,15408.333213868500,42865.296171198922
1642184220,42833.090000000000,42872.410000000000,42833.090000000000,42859.730000000000,0.169060000000,7243.200690200000,42843.964806577547
1642184280,42851.820000000000,42852.480000000000,42800.010000000000,42852.480000000000,5.981499750000,256084.269249407600,42812.719209661022
1642184340,42855.400000000000,42877.900000000000,42855.400000000000,42865.560000000000,0.542727670000,23260.633312945100,42858.756976487121
1642184400,42849.660000000000,42853.270000000000,42814.820000000000,42853.270000000000,0.294487570000,12610.797143566700,42822.850361958231
1642184460,42831.520000000000,42834.530000000000,42796.490000000000,42806.310000000000,3.238800000000,138611.023789000000,42797.030933987897
1642184520,42816.740000000000,42853.420000000000,42816.740000000000,42817.510000000000,0.414690110000,17757.076147771100,42820.110052229362
1642184580,42846.300000000000,42861.160000000000,42804.850000000000,42848.240000000000,2.010886230000,86096.128110480900,42815.016994015072
1642184640,42835.500000000000,42840.460000000000,42833.840000000000,42833.840000000000,0.013886700000,594.902758082000,42839.750126523940
1642184700,42829.540000000000,42881.110000000000,42829.540000000000,42881.110000000000,1.962851450000,84130.074299864900,42861.151973505128
1642184760,42878.340000000000,42884.780000000000,42878.340000000000,42884.780000000000,0.004722270000,202.486705031800,42879.103700508442
1642184820,42875.220000000000,42876.550000000000,42854.720000000000,42863.690000000000,0.439675990000,18843.451577255700,42857.586053893231
1642184880,42861.080000000000,42865.720000000000,42861.080000000000,42861.300000000000,0.177260000000,7598.105558000000,42864.185704614689
1642184940,42865.720000000000,42886.450000000000,42861.440000000000,42878.890000000000,0.064036990000,2744.882193935600,42864.010221835849
1642185000,42885.150000000000,42895.610000000000,42885.150000000000,42895.430000000000,0.070789100000,3036.514836776200,42895.231564975399
1642185060,42905.530000000000,42921.280000000000,42905.530000000000,42921.280000000000,0.073207060000,3141.204158872700,42908.486679736899
1642185120,42885.500000000000,42906.090000000000,42885.500000000000,42902.770000000000,0.010524900000,451.546389060400,42902.677370844379
1642185180,42878.890000000000,42878.890000000000,42825.610000000000,42825.610000000000,0.907816580000,38899.516939299500,42849.533480980817
1642185240,42851.460000000000,42862.720000000000,42814.730000000000,42817.620000000000,1.032580240000,44230.507297844300,42834.934840360979
1642185300,42830.260000000000,42843.180000000000,42824.010000000000,42824.010000000000,0.118183110000,5061.483414688100,42827.468448648034
1642185360,42829.210000000000,42875.520000000000,42829.210000000000,42875.520000000000,1.015260820000,43499.886456835500,42846.021041997366
1642185420,42870.560000000000,42911.970000000000,42870.560000000000,42911.970000000000,0.036430000000,1562.249118600000,42883.588213011255
1642185480,42918.840000000000,42942.900000000000,42908.690000000000,42915.840000000000,0.101659590000,4363.329899691100,42920.986595471218
1642185540,42902.910000000000,42911.290000000000,42899.530000000000,42899.530000000000,0.008870000000,380.531370200000,42900.943652762119
1642185600,42895.300000000000,42904.060000000000,42868.900000000000,42884.810000000000,0.024409850000,1046.870547755400,42887.217568129259
1642185660,42881.940000000000,42914.390000000000,42881.940000000000,42914.390000000000,0.192038810000,8235.235785330000,42883.184838158494
1642185720,42914.390000000000,42950.770000000000,42914.390000000000,42942.210000000000,2.821576030000,121129.688947720700,42929.797978089820
1642185780,42930.450000000000,42967.860000000000,42930.450000000000,42964.270000000000,1.646215440000,70721.400576816200,42959.991054886595
1642185840,42997.780000000000,43009.890000000000,42997.780000000000,43009.890000000000,0.537733480000,23122.649756126200,43000.204778259669
1642185900,43005.680000000000,43005.680000000000,42978.530000000000,42983.730000000000,0.134642130000,5788.096501356500,42988.747291479271
1642185960,42960.970000000000,42972.680000000000,42958.590000000000,42969.420000000000,0.088988700000,3823.464647833000,42965.732141642703
1642186020,42971.110000000000,42977.420000000000,42950.880000000000,42977.420000000000,0.020661540000,887.704225255200,42964.088120014287
1642186080,42991.080000000000,42998.730000000000,42978.640000000000,42987.410000000000,0.337020050000,14489.445233312400,42992.828567061218
1642186140,42968.100000000000,42989.270000000000,42963.090000000000,42984.160000000000,0.954776670000,41021.329584915400,42964.319168916643
1642186200,42962.680000000000,43011.970000000000,42962.680000000000,43011.970000000000,0.321915330000,13839.651730921600,42991.589530456968
1642186260,43036.440000000000,43073.790000000000,43036.360000000000,43052.730000000000,0.919691750000,39601.154319228800,43059.160114493578
1642186320,43040.500000000000,43040.500000000000,43033.530000000000,43036.790000000000,0.013510000000,581.411077800000,43035.609015544041
1642186380,43050.190000000000,43078.660000000000,43050.190000000000,43062.090000000000,0.122700000000,5284.809013500000,43070.978105134474
1642186440,43064.100000000000,43075.310000000000,43043.600000000000,43075.310000000000,0.007239640000,311.719912044400,43057.377444790073
1642186500,43075.290000000000,43079.360000000000,43045.650000000000,43045.650000000000,0.073870130000,3180.351707663900,43053.284293176416
1642186560,43045.650000000000,43108.220000000000,43035.670000000000,43100.460000000000,0.993156350000,42773.804368696200,43068.550454010791
1642186620,43102.290000000000,43131.090000000000,43092.140000000000,43100.240000000000,4.314789400000,186030.469077206300,43114.611590824410
1642186680,43062.730000000000,43104.810000000000,43058.630000000000,43104.810000000000,0.127261110000,5481.742752345400,43074.767714546889
1642186740,43096.750000000000,43096.750000000000,43084.110000000000,43084.110000000000,0.003710000000,159.864705300000,43090.217061994609
1642186800,43100.440000000000,43102.960000000000,43081.700000000000,43084.890000000000,0.190637570000,8216.118077762100,43098.105361719098
1642186860,43071.700000000000,43076.310000000000,43071.700000000000,43076.310000000000,1.031283090000,44423.270782597900,43075.728879252641
1642186920,43099.580000000000,43171.840000000000,43099.580000000000,43137.080000000000,2.536316710000,109447.604141184900,43152.183522532128
1642186980,43146.130000000000,43151.660000000000,43116.840000000000,43140.650000000000,0.062176490000,2682.593007701900,43144.812576295317
1642187040,43143.300000000000,43143.300000000000,43104.670000000000,43109.120000000000,0.355709790000,15335.429402548700,43112.193798626403
1642187100,43091.060000000000,43097.710000000000,43073.670000000000,43073.670000000000,0.453470000000,19540.456818500000,43090.958207819701
1642187160,43081.470000000000,43085.290000000000,43067.430000000000,43071.060000000000,0.202170000000,8707.732092000000,43071.336459415343
1642187220,43070.720000000000,43070.720000000000,43047.460000000000,43062.350000000000,0.046706200000,2011.105695347000,43058.645219414125
1642187280,43075.210000000000,43080.410000000000,43045.120000000000,43078.950000000000,0.383334200000,16505.905222163600,43058.785837954454
1642187340,43073.920000000000,43074.340000000000,43059.360000000000,43065.800000000000,0.332340850000,14312.059927771800,43064.401886712994
1642187400,43046.220000000000,43054.840000000000,43032.230000000000,43054.370000000000,1.515144120000,65205.789300835900,43036.030988811745
1642187460,43046.320000000000,43089.230000000000,43046.320000000000,43089.230000000000,0.383849470000,16524.348823282700,43049.033839444145
1642187520,43076.760000000000,43110.950000000000,43075.520000000000,43110.950000000000,0.705419180000,30396.573627341500,43090.086701840882
1642187580,43088.620000000000,43135.770000000000,43088.620000000000,43121.360000000000,0.615362980000,26515.810247287600,43089.706578201373
1642187640,43183.140000000000,43195.680000000000,43178.320000000000,43190.100000000000,0.386051840000,16671.977817399300,43185.852494316049
1642187700,43192.890000000000,43192.890000000000,43138.710000000000,43164.140000000000,1.129848020000,48747.320945937200,43145.024890991268
1642187760,43157.780000000000,43177.720000000000,43131.380000000000,43133.030000000000,0.180670000000,7798.078917200000,43162.002087784358
1642187820,43137.390000000000,43141.350000000000,43105.490000000000,43138.070000000000,0.788942630000,34025.492745757900,43127.968310899742
1642187880,43143.810000000000,43172.580000000000,43143.810000000000,43161.080000000000,0.285900500000,12338.100830428800,43155.226487637482
1642187940,43139.770000000000,43185.050000000000,43139.770000000000,43178.180000000000,0.447341470000,19314.772787051400,43176.799117353014
1642188000,43186.410000000000,43188.020000000000,43146.880000000000,43155.690000000000,4.088485520000,176480.999809105100,43165.372347730634
1642188060,43137.000000000000,43146.680000000000,43104.350000000000,43108.560000000000,0.166483720000,7177.970471960700,43115.149469033369
1642188120,43116.790000000000,43118.440000000000,43112.420000000000,43112.420000000000,0.094421310000,4071.007189970200,43115.343241586036
1642188180,43116.780000000000,43174.240000000000,43116.780000000000,43174.240000000000,0.191436570000,8257.364305326900,43133.682897300656
1642188240,43188.680000000000,43201.380000000000,43164.080000000000,43169.460000000000,0.130315670000,5628.846757438200,43193.936365735602
1642188300,43200.670000000000,43208.370000000000,43185.020000000000,43185.020000000000,0.077305400000,3339.297560504200,43196.174659263130
1642188360,43182.900000000000,43188.720000000000,43161.830000000000,43188.720000000000,0.885784030000,38248.419724486500,43180.299518931832
1642188420,43181.900000000000,43181.900000000000,43089.820000000000,43113.100000000000,3.424724890000,147591.237234075500,43095.793669451650
1642188480,43129.590000000000,43130.970000000000,43118.980000000000,43130.970000000000,0.046490000000,2004.871049800000,43124.780593676059
1642188540,43142.320000000000,43142.320000000000,43142.320000000000,43142.320000000000,0.003946490000,170.260734456800,43142.320000000000
1642188600,43120.680000000000,43135.490000000000,43120.680000000000,43133.140000000000,0.092120080000,3973.117571151200,43129.766834236357
1642188660,43161.190000000000,43196.610000000000,43161.190000000000,43189.150000000000,0.052047520000,2246.539586748800,43163.239799875191
1642188720,43163.980000000000,43200.650000000000,43163.980000000000,43186.810000000000,0.352325310000,15211.847643323700,43175.574423885982
1642188780,43188.710000000000,43214.450000000000,43186.810000000000,43188.910000000000,1.164984640000,50314.807358153300,43189.245274644393
1642188840,43192.700000000000,43212.990000000000,43192.700000000000,43212.990000000000,0.274880000000,11874.336281400000,43198.254807188591
1642188900,43203.600000000000,43425.000000000000,43203.600000000000,43398.650000000000,25.919812150000,1122947.538175673400,43323.907275141011
1642188960,43379.130000000000,43390.790000000000,43345.300000000000,43345.300000000000,1.232475860000,53454.547092440100,43371.678770600911
1642189020,43329.600000000000,43343.600000000000,43323.300000000000,43343.600000000000,0.755093630000,32721.926607544000,43334.926037641186
1642189080,43345.700000000000,43349.200000000000,43345.700000000000,43349.200000000000,0.004120000000,178.595869000000,43348.511893203883
1642189140,43314.510000000000,43341.340000000000,43305.820000000000,43305.820000000000,0.571530080000,24756.760386974300,43316.635910001972
1642189200,43295.110000000000,43295.110000000000,43275.610000000000,43275.610000000000,0.232716260000,10072.056742165600,43280.416856843608
1642189260,43267.220000000000,43281.710000000000,43261.010000000000,43261.010000000000,0.825429020000,35710.377080963800,43262.807843809271
1642189320,43261.010000000000,43266.600000000000,43236.240000000000,43236.240000000000,1.163928090000,50348.557033317400,43257.446457295657
1642189380,43234.240000000000,43245.580000000000,43234.240000000000,43242.390000000000,0.028980000000,1253.031449800000,43237.800200138026
1642189440,43231.590000000000,43232.680000000000,43183.830000000000,43183.830000000000,0.712703900000,30789.576881248000,43201.078149352066
1642189500,43197.950000000000,43197.950000000000,43157.280000000000,43183.540000000000,0.064869500000,2801.634383871000,43188.777219972406
1642189560,43185.770000000000,43199.370000000000,43185.770000000000,43197.730000000000,0.093402550000,4034.359939851700,43193.252645154763
1642189620,43197.570000000000,43230.790000000000,43197.570000000000,43213.240000000000,0.485682140000,20985.821329586400,43208.962408184086
1642189680,43219.190000000000,43219.190000000000,43160.620000000000,43160.620000000000,0.067601200000,2919.235928240900,43183.196869891363
1642189740,43163.570000000000,43168.690000000000,43163.060000000000,43163.560000000000,0.023883610000,1030.932581477800,43164.855793483480
1642189800,43163.470000000000,43180.430000000000,43163.470000000000,43180.430000000000,0.589538250000,25450.566628140700,43170.339885733793
1642189860,43198.360000000000,43198.370000000000,43151.240000000000,43169.100000000000,0.518056830000,22372.592066733500,43185.594265272982
1642189920,43184.860000000000,43191.070000000000,43170.710000000000,43182.560000000000,0.141430820000,6107.503583785200,43183.682197311732
1642189980,43173.320000000000,43178.150000000000,43153.490000000000,43178.150000000000,0.254875520000,10998.865613171200,43153.872185022713
1642190040,43182.560000000000,43195.470000000000,43180.450000000000,43195.470000000000,0.149190000000,6442.709364700000,43184.592564515048
1642190100,43207.920000000000,43216.970000000000,43199.930000000000,43199.930000000000,0.025898400000,1119.009028028000,43207.650975658728
1642190160,43198.980000000000,43214.970000000000,43186.430000000000,43193.460000000000,0.020786040000,897.939019452800,43199.138433910451
1642190220,43199.510000000000,43204.870000000000,43197.920000000000,43199.270000000000,0.095069170000,4107.171417706700,43201.927793276200
1642190280,43181.930000000000,43181.930000000000,43105.720000000000,43128.530000000000,1.533037930000,66147.047773797300,43147.691573291537
1642190340,43121.850000000000,43142.820000000000,43107.820000000000,43107.820000000000,0.222585960000,9600.006426543900,43129.433799615662
1642190400,43107.820000000000,43145.980000000000,43107.820000000000,43126.350000000000,0.028224160000,1217.420614157500,43133.989254507486
1642190460,43128.130000000000,43171.240000000000,43126.350000000000,43170.960000000000,0.326927970000,14103.869546399700,43140.602336348584
1642190520,43170.960000000000,43171.250000000000,43169.860000000000,43171.250000000000,0.023790000000,1027.042203400000,43171.172904581756
1642190580,43171.250000000000,43195.970000000000,43168.440000000000,43180.640000000000,0.071120000000,3070.524771000000,43173.857859955006
1642190640,43180.640000000000,43203.490000000000,43180.640000000000,43203.490000000000,0.104620000000,4518.723093400000,43191.771108774613
1642190700,43188.730000000000,43203.490000000000,43188.720000000000,43203.490000000000,1.148174470000,49593.523095052900,43193.368595848416
1642190760,43203.490000000000,43207.370000000000,43182.630000000000,43188.860000000000,0.041730000000,1802.217430000000,43187.573208722742
1642190820,43160.540000000000,43169.350000000000,43156.090000000000,43160.540000000000,0.015244440000,657.922943139600,43158.223138377008
1642190880,43146.450000000000,43163.900000000000,43123.150000000000,43123.150000000000,2.543119020000,109717.215778011000,43142.776612166190
1642190940,43137.980000000000,43146.760000000000,43110.290000000000,43110.290000000000,0.033490000000,1444.545239500000,43133.629128097940
1642191000,43123.840000000000,43123.840000000000,43113.780000000000,43115.150000000000,0.025510000000,1100.041557200000,43121.974018032145
1642191060,43113.610000000000,43125.140000000000,43107.170000000000,43125.140000000000,0.046100000000,1987.478269000000,43112.326876355748
1642191120,43126.990000000000,43148.530000000000,43123.510000000000,43139.650000000000,0.098160000000,4233.911591200000,43132.758671556641
1642191180,43122.450000000000,43128.750000000000,43112.000000000000,43112.000000000000,0.231644390000,9986.736485335700,43112.360654776487
1642191240,43100.000000000000,43114.260000000000,43080.000000000000,43081.350000000000,0.243732150000,10501.435283552500,43085.966638182530
1642191300,43083.310000000000,43083.310000000000,43078.300000000000,43078.300000000000,0.001550000000,66.776274800000,43081.467612903226
1642191360,43083.110000000000,43083.110000000000,43055.620000000000,43070.670000000000,0.963558270000,41486.751096677400,43055.778138542052
1642191420,43109.570000000000,43109.570000000000,43079.430000000000,43095.250000000000,0.379988570000,16372.484193563600,43086.780724913910
1642191480,43097.850000000000,43114.850000000000,43096.400000000000,43114.850000000000,0.593199400000,25570.202604730800,43105.577323124063
1642191540,43116.850000000000,43142.760000000000,43116.460000000000,43142.760000000000,0.447169970000,19285.145806639500,43127.104010672944
1642191600,43138.350000000000,43142.960000000000,43112.750000000000,43140.650000000000,0.672960230000,29027.306180655400,43133.761679580084
1642191660,43135.130000000000,43140.650000000000,43135.130000000000,43140.650000000000,0.031943110000,1377.904967421500,43136.218340089616
1642191720,43149.760000000000,43151.060000000000,43143.160000000000,43151.060000000000,0.050100000000,2161.813564000000,43149.971337325349
1642191780,43152.140000000000,43166.920000000000,43152.140000000000,43162.580000000000,0.144560000000,6238.379289000000,43154.256288046486
1642191840,43154.380000000000,43164.860000000000,43142.480000000000,43162.250000000000,0.029817060000,1286.715317761600,43153.661620615848
1642191900,43146.960000000000,43155.830000000000,43143.560000000000,43143.560000000000,0.078364700000,3381.374988812000,43149.211173040922
1642191960,43144.660000000000,43153.520000000000,43144.660000000000,43147.660000000000,0.022400590000,966.596732919400,43150.503309037842
1642192020,43127.770000000000,43137.450000000000,43122.310000000000,43129.320000000000,0.018626340000,803.309700845400,43127.619320027445
1642192080,43122.310000000000,43122.600000000000,43098.300000000000,43104.520000000000,1.003508280000,43251.261441526800,43100.054382736932
1642192140,43086.550000000000,43092.930000000000,43081.740000000000,43086.920000000000,0.278487650000,11999.170208053300,43086.902446314227
1642192200,43082.410000000000,43085.240000000000,43064.970000000000,43074.030000000000,0.029929610000,1289.365297046700,43079.923094443930
1642192260,43079.840000000000,43083.120000000000,43079.840000000000,43083.120000000000,0.012938350000,557.386175252000,43080.159004200690
1642192320,43090.550000000000,43097.790000000000,43080.150000000000,43086.340000000000,1.163211080000,50122.208070092000,43089.520837518157
1642192380,43096.390000000000,43111.250000000000,43092.570000000000,43111.250000000000,2.122667990000,91478.642082043000,43096.067078320148
1642192440,43108.150000000000,43120.570000000000,43105.750000000000,43116.600000000000,0.096029510000,4139.818623230500,43109.858867659535
1642192500,43108.740000000000,43108.740000000000,43066.920000000000,43079.820000000000,1.297839700000,55910.774473231600,43079.876870180192
1642192560,43079.520000000000,43079.820000000000,43040.000000000000,43061.340000000000,1.830733050000,78798.186953566900,43041.877106859955
1642192620,43054.220000000000,43064.510000000000,43044.790000000000,43045.960000000000,0.070146380000,3020.125592923600,43054.617970643673
1642192680,43055.260000000000,43059.780000000000,43035.960000000000,43035.960000000000,0.216179340000,9303.726547427200,43037.075362646588
1642192740,43046.310000000000,43066.290000000000,43046.310000000000,43058.450000000000,0.199316320000,8582.493856333000,43059.664438581849
1642192800,43049.760000000000,43072.040000000000,43045.860000000000,43068.470000000000,0.870701100000,37492.707231448500,43060.365068389715
1642192860,43077.930000000000,43112.100000000000,43077.930000000000,43101.440000000000,0.143360350000,6176.272523320600,43082.152933643089
1642192920,43084.540000000000,43116.550000000000,43084.540000000000,43116.550000000000,0.046936890000,2022.974690868600,43099.887761387684
1642192980,43111.520000000000,43111.520000000000,43111.520000000000,43111.520000000000,0.020960720000,903.648499494400,43111.520000000000
1642193040,43143.620000000000,43152.410000000000,43135.540000000000,43135.540000000000,0.003890000000,167.841999200000,43147.043496143959
1642193100,43143.430000000000,43171.250000000000,43143.430000000000,43165.580000000000,3.797478760000,163929.268432159900,43167.922401272338
1642193160,43145.630000000000,43145.630000000000,43083.640000000000,43096.100000000000,0.041449630000,1787.036058640200,43113.438132986953
1642193220,43083.610000000000,43087.540000000000,43083.610000000000,43084.720000000000,0.005913050000,254.766326610500,43085.434185488030
1642193280,43083.900000000000,43093.850000000000,43074.470000000000,43093.850000000000,0.282638580000,12177.335990599200,43084.479091988079
1642193340,43106.350000000000,43107.250000000000,43080.090000000000,43099.240000000000,0.019690000000,848.648724400000,43100.493875063484
1642193400,43103.540000000000,43145.360000000000,43103.540000000000,43143.730000000000,0.420428050000,18134.112602308800,43132.499371316448
1642193460,43146.260000000000,43154.620000000000,43093.870000000000,43096.490000000000,0.231671130000,9989.536061128500,43119.468796688220
1642193520,43109.940000000000,43145.960000000000,43109.940000000000,43145.260000000000,0.024580000000,1060.192352300000,43132.317017900733
1642193580,43145.560000000000,43145.560000000000,43139.690000000000,43139.690000000000,0.007240000000,312.337460400000,43140.533204419890
1642193640,43151.750000000000,43156.200000000000,43151.750000000000,43151.950000000000,0.002990000000,129.028968000000,43153.501003344482
1642193700,43162.800000000000,43162.800000000000,43110.750000000000,43128.820000000000,0.240777380000,10385.158633346000,43131.786853673713
1642193760,43147.260000000000,43153.490000000000,43128.440000000000,43146.330000000000,0.106653690000,4601.586917483100,43145.126225666454
1642193820,43133.340000000000,43152.980000000000,43121.220000000000,43144.450000000000,0.073015160000,3150.139122448200,43143.631027422251
1642193880,43125.540000000000,43148.830000000000,43108.420000000000,43144.480000000000,0.560235430000,24155.558228387200,43116.798643718766
1642193940,43138.600000000000,43153.310000000000,43115.950000000000,43132.270000000000,5.434504640000,234355.174074924900,43123.557637614769
1642194000,43143.430000000000,43157.410000000000,43129.050000000000,43156.860000000000,0.111770960000,4821.508956488000,43137.403100841220
1642194060,43156.760000000000,43172.260000000000,43148.850000000000,43172.260000000000,0.009496720000,409.890980572000,43161.321021573764
1642194120,43181.660000000000,43200.000000000000,43181.660000000000,43200.000000000000,0.161996000000,6996.305124858800,43188.135045672733
1642194180,43200.000000000000,43297.680000000000,43200.000000000000,43253.610000000000,1.217783010000,52656.813234627600,43239.898078909476
1642194240,43255.930000000000,43255.930000000000,43251.510000000000,43251.510000000000,0.008420000000,364.206974600000,43254.985106888361
1642194300,43250.480000000000,43256.580000000000,43246.380000000000,43254.490000000000,0.075308730000,3257.190827266400,43251.171906184051
1642194360,43246.680000000000,43255.080000000000,43219.730000000000,43236.070000000000,1.764616450000,76290.686840398300,43233.580215348383
1642194420,43224.860000000000,43224.860000000000,43200.000000000000,43200.000000000000,0.048740000000,2106.407597400000,43217.226044316783
1642194480,43205.840000000000,43205.840000000000,43199.240000000000,43199.240000000000,0.004730000000,204.336299200000,43200.063255813953
1642194540,43202.070000000000,43209.700000000000,43197.370000000000,43199.700000000000,0.198450260000,8574.188224475700,43205.729357450577
1642194600,43219.970000000000,43251.480000000000,43219.970000000000,43251.480000000000,0.070446500000,3045.456723724500,43230.774044480563
1642194660,43252.380000000000,43261.870000000000,43237.200000000000,43261.870000000000,0.167664430000,7250.485531486500,43244.029347706607
1642194720,43265.680000000000,43281.070000000000,43265.680000000000,43281.070000000000,0.390814950000,16911.201386653400,43271.633765938074
1642194780,43271.510000000000,43281.170000000000,43259.320000000000,43259.320000000000,0.394521600000,17070.209954722000,43268.125128565838
1642194840,43260.420000000000,43277.360000000000,43258.460000000000,43277.350000000000,3.594601520000,155513.296894150000,43263.014280968201
1642194900,43277.110000000000,43277.110000000000,43264.790000000000,43271.830000000000,0.045027900000,1948.379312941000,43270.490361331530
1642194960,43275.860000000000,43280.180000000000,43247.140000000000,43247.140000000000,0.312320050000,13508.988795910500,43253.671341018612
1642195020,43281.660000000000,43281.670000000000,43271.830000000000,43281.670000000000,0.091269990000,3950.154765181700,43279.886030246086
1642195080,43286.000000000000,43286.000000000000,43271.830000000000,43277.280000000000,0.031407350000,1359.256312330200,43278.287163043046
1642195200,43269.380000000000,43269.380000000000,43241.470000000000,43241.470000000000,0.032912750000,1423.956706465900,43264.592185882370
1642195260,43226.410000000000,43237.100000000000,43213.870000000000,43237.100000000000,0.362486530000,15664.946619263600,43215.251665389056
1642195320,43228.330000000000,43228.330000000000,43210.260000000000,43210.260000000000,0.037343840000,1613.858362909600,43216.186736811212
1642195380,43215.090000000000,43215.090000000000,43201.130000000000,43210.700000000000,0.030460620000,1316.122562534000,43207.346486512750
1642195440,43201.130000000000,43210.770000000000,43201.130000000000,43210.770000000000,0.003663020000,158.268004012600,43206.972392342930
1642195500,43188.720000000000,43192.680000000000,43171.570000000000,43192.680000000000,0.013297440000,574.190117696100,43180.500735186622
1642195560,43192.680000000000,43199.220000000000,43192.680000000000,43194.960000000000,0.029000000000,1252.653868200000,43194.960972413793
1642195620,43194.960000000000,43212.410000000000,43194.960000000000,43212.410000000000,0.064650000000,2792.572137500000,43195.238012374323
1642195680,43204.950000000000,43204.950000000000,43168.230000000000,43190.840000000000,0.022567150000,974.269697492500,43172.030916287612
1642195740,43193.170000000000,43214.560000000000,43193.170000000000,43214.550000000000,0.069309430000,2994.897290693100,43210.531246514363
1642195800,43223.850000000000,43223.850000000000,43223.850000000000,43223.850000000000,0.001040000000,44.952804000000,43223.850000000000
1642195860,43218.040000000000,43223.850000000000,43218.040000000000,43223.850000000000,0.014000000000,605.112140000000,43222.295714285714
1642195920,43237.030000000000,43276.680000000000,43237.030000000000,43276.680000000000,0.078270000000,3384.669429400000,43243.508744090968
1642195980,43278.010000000000,43301.580000000000,43278.010000000000,43297.460000000000,0.504781130000,21852.714502670000,43291.464763490664
1642196040,43297.450000000000,43299.280000000000,43297.420000000000,43297.420000000000,0.029480000000,1276.412314700000,43297.568341248304
1642196100,43297.400000000000,43315.690000000000,43289.910000000000,43315.690000000000,0.401758390000,17395.414981525000,43298.199650603439
1642196160,43315.690000000000,43322.170000000000,43313.090000000000,43313.090000000000,1.501623770000,65048.764789560500,43318.949852239286
1642196220,43313.090000000000,43344.180000000000,43294.860000000000,43344.180000000000,0.958839170000,41523.452890760400,43305.962240529244
1642196280,43344.290000000000,43344.290000000000,43324.110000000000,43342.110000000000,0.010103320000,437.858589465200,43338.089802678723
1642196340,43342.290000000000,43358.140000000000,43278.710000000000,43278.710000000000,1.081985150000,46844.090267745000,43294.577811668672
1642196400,43296.680000000000,43296.680000000000,43268.310000000000,43285.950000000000,0.087427660000,3783.450316775200,43275.209662196152
1642196460,43268.310000000000,43299.380000000000,43259.310000000000,43299.180000000000,0.669347780000,28960.597127640300,43266.890535799342
1642196520,43296.790000000000,43331.090000000000,43296.790000000000,43331.090000000000,0.059787280000,2589.347033134200,43309.329896496379
1642196580,43331.090000000000,43333.010000000000,43317.550000000000,43317.710000000000,0.020978900000,908.941836173600,43326.477373627788
1642196640,43317.710000000000,43317.710000000000,43303.990000000000,43315.690000000000,0.072650000000,3146.875561600000,43315.561756366139
1642196700,43305.390000000000,43305.390000000000,43266.020000000000,43266.020000000000,0.115444560000,4995.969947869400,43275.923507087731
1642196760,43261.380000000000,43269.480000000000,43260.120000000000,43260.120000000000,0.646815520000,27982.758645181600,43262.348814978342
1642196820,43275.280000000000,43275.280000000000,43252.220000000000,43270.870000000000,0.463797400000,20063.633258030800,43259.477646987240
1642196880,43269.680000000000,43289.050000000000,43269.680000000000,43289.050000000000,0.023800000000,1030.047637900000,43279.312516806723
1642196940,43289.050000000000,43301.680000000000,43289.050000000000,43301.680000000000,0.249643040000,10808.624013374000,43296.316265712835
1642197000,43295.150000000000,43298.050000000000,43285.910000000000,43298.050000000000,0.100538840000,4352.261733441000,43289.356963348693
1642197060,43292.350000000000,43306.830000000000,43292.350000000000,43300.690000000000,1.132299780000,49030.816106121900,43301.974417165302
1642197120,43305.790000000000,43305.790000000000,43300.690000000000,43305.790000000000,0.043848420000,1898.885368351800,43305.673690221905
1642197180,43307.240000000000,43336.590000000000,43301.900000000000,43336.590000000000,0.050444870000,2184.402459925200,43302.767157992478
1642197240,43331.170000000000,43363.340000000000,43331.170000000000,43363.340000000000,0.121495590000,5265.918965323800,43342.470005074258
1642197300,43341.220000000000,43399.000000000000,43341.220000000000,43399.000000000000,0.531548070000,23051.900593231900,43367.480561507635
1642197360,43428.500000000000,43468.950000000000,43422.430000000000,43433.120000000000,4.406824710000,191532.986872507300,43462.810408110674
1642197420,43390.190000000000,43390.190000000000,43331.840000000000,43333.800000000000,0.821570970000,35629.900665024400,43368.013191878480
1642197480,43343.520000000000,43350.700000000000,43333.150000000000,43333.150000000000,0.034517110000,1496.221640858300,43347.245492403622
1642197540,43314.940000000000,43324.700000000000,43312.730000000000,43324.700000000000,0.006890000000,298.439268000000,43314.842960812772
1642197600,43324.800000000000,43331.310000000000,43307.270000000000,43318.510000000000,0.577438790000,25014.153195603300,43319.142442099014
1642197660,43325.500000000000,43331.950000000000,43318.700000000000,43331.950000000000,0.032620000000,1413.277677300000,43325.495931943593
1642197720,43326.990000000000,43326.990000000000,43319.870000000000,43325.620000000000,0.013469560000,583.550057157200,43323.616892994278
1642197780,43333.480000000000,43357.840000000000,43333.470000000000,43357.840000000000,0.126583370000,5486.817836436400,43345.487139711955
1642197840,43348.210000000000,43348.210000000000,43325.450000000000,43325.450000000000,0.019705820000,853.860672819000,43330.380203361240
1642197900,43337.290000000000,43337.290000000000,43281.670000000000,43305.060000000000,1.080721320000,46778.377261778000,43284.403107526370
1642197960,43296.220000000000,43302.290000000000,43271.190000000000,43277.400000000000,0.506209780000,21909.822561079800,43282.100478342793
1642198020,43278.260000000000,43282.380000000000,43255.100000000000,43255.100000000000,0.569325380000,24632.888709184500,43266.802384928808
1642198080,43248.080000000000,43248.080000000000,43233.010000000000,43233.010000000000,0.007250000000,313.541045000000,43247.040689655172
1642198140,43248.140000000000,43254.340000000000,43230.050000000000,43246.980000000000,0.107143810000,4632.506008690500,43236.338232609985
1642198200,43251.780000000000,43257.280000000000,43251.780000000000,43257.280000000000,0.004890000000,211.524139200000,43256.470184049080
1642198260,43264.060000000000,43321.490000000000,43264.060000000000,43314.990000000000,0.067925550000,2940.461621815800,43289.478286385609
1642198320,43314.670000000000,43316.290000000000,43310.840000000000,43310.840000000000,0.030800000000,1334.047178200000,43313.220071428572
1642198380,43310.840000000000,43323.010000000000,43301.900000000000,43319.850000000000,0.052534830000,2275.872032477000,43321.202951965391
1642198440,43325.860000000000,43325.860000000000,43322.540000000000,43325.860000000000,0.026198090000,1135.024721548600,43324.712662205527
1642198500,43316.690000000000,43348.300000000000,43316.690000000000,43348.300000000000,0.005570000000,241.378032700000,43335.373913824058
1642198560,43352.000000000000,43353.000000000000,43342.300000000000,43353.000000000000,0.581183340000,25193.301106669200,43348.285081036907
1642198620,43338.360000000000,43339.770000000000,43294.920000000000,43294.920000000000,0.258617300000,11204.247150619700,43323.656811124778
1642198680,43289.980000000000,43293.480000000000,43282.840000000000,43282.840000000000,0.078370000000,3392.607127900000,43289.615004465995
1642198740,43276.400000000000,43276.400000000000,43253.800000000000,43253.800000000000,0.005150000000,222.799702500000,43262.078155339806
1642198800,43249.010000000000,43257.400000000000,43238.870000000000,43248.570000000000,0.018048700000,780.579919918000,43248.539779485502
1642198860,43250.780000000000,43250.780000000000,43247.330000000000,43250.780000000000,0.084060000000,3635.649147300000,43250.644150606710
1642198920,43264.000000000000,43269.150000000000,43245.250000000000,43245.250000000000,1.794045400000,77621.784319260800,43266.343381979520
1642198980,43248.310000000000,43248.310000000000,43248.310000000000,43248.310000000000,0.002150000000,92.983866500000,43248.310000000000
1642199040,43253.130000000000,43253.130000000000,43237.880000000000,43237.880000000000,0.036182190000,1564.884642646300,43250.136120735091
1642199100,43242.490000000000,43244.670000000000,43235.030000000000,43235.030000000000,0.056613180000,2447.854068572200,43238.236547959327
1642199160,43242.070000000000,43245.990000000000,43242.070000000000,43245.990000000000,0.030128830000,1302.922268891700,43245.033706642442
1642199220,43245.990000000000,43245.990000000000,43241.490000000000,43241.490000000000,0.022550000000,975.157654500000,43244.241884700665
1642199280,43241.490000000000,43250.830000000000,43201.250000000000,43249.490000000000,2.102106400000,90896.495526337800,43240.673034598914
1642199340,43248.680000000000,43249.380000000000,43248.680000000000,43249.380000000000,0.071580000000,3095.764831200000,43249.019715004191
1642199400,43248.310000000000,43248.310000000000,43230.920000000000,43230.920000000000,0.031962360000,1382.046227540800,43239.805431789142
1642199460,43221.400000000000,43221.400000000000,43221.400000000000,43221.400000000000,0.011650000000,503.529310000000,43221.400000000000
1642199520,43218.210000000000,43224.430000000000,43217.100000000000,43217.100000000000,0.004900000000,211.780024300000,43220.413122448980
1642199580,43220.020000000000,43221.800000000000,43220.020000000000,43221.800000000000,0.006220000000,268.830482400000,43220.334790996785
1642199640,43229.190000000000,43231.280000000000,43223.220000000000,43223.220000000000,0.103986510000,4495.282425306600,43229.476836049215
1642199700,43231.280000000000,43241.080000000000,43224.690000000000,43241.080000000000,0.070817950000,3061.292865568500,43227.640246131101
1642199760,43239.370000000000,43243.690000000000,43221.740000000000,43225.720000000000,0.084589060000,3656.830099865300,43230.532410045696
1642199820,43239.990000000000,43239.990000000000,43218.730000000000,43218.730000000000,0.664000480000,28700.350145031200,43223.387647296881
1642199880,43243.600000000000,43253.570000000000,43243.600000000000,43253.570000000000,0.051120000000,2210.923549708400,43249.678202433490
1642199940,43253.560000000000,43253.560000000000,43253.560000000000,43253.560000000000,0.007440000000,321.806486400000,43253.560000000000
1642200000,43251.000000000000,43251.000000000000,43251.000000000000,43251.000000000000,0.017963200000,776.926363200000,43251.000000000000
1642200060,43253.570000000000,43255.070000000000,43253.570000000000,43255.070000000000,0.055429540000,2397.555377247800,43254.109221324946
1642200120,43255.070000000000,43327.340000000000,43249.120000000000,43312.110000000000,0.214386750000,9278.019291502800,43277.018246243296
1642200180,43327.330000000000,43338.780000000000,43292.920000000000,43297.340000000000,0.060926460000,2639.333383979200,43319.985831758484
1642200240,43297.340000000000,43297.340000000000,43280.020000000000,43280.020000000000,0.073919440000,3199.510366287200,43283.747364525489
1642200300,43280.020000000000,43285.370000000000,43276.840000000000,43284.200000000000,0.067270630000,2911.530035727200,43280.849840817605
1642200360,43307.500000000000,43335.900000000000,43307.500000000000,43335.900000000000,0.373780000000,16187.866932300000,43308.542277007865
1642200420,43335.900000000000,43335.900000000000,43335.900000000000,43335.900000000000,0.003490000000,151.242291000000,43335.900000000000
1642200480,43342.090000000000,43362.900000000000,43342.090000000000,43362.900000000000,0.035061240000,1519.653432091600,43342.831916144438
1642200540,43364.810000000000,43367.470000000000,43361.930000000000,43361.930000000000,0.023860000000,1034.740187657800,43367.149524635373
1642200600,43362.490000000000,43362.790000000000,43338.570000000000,43338.570000000000,0.071723700000,3109.719473223000,43356.930459848001
1642200660,43338.570000000000,43352.470000000000,43336.550000000000,43352.470000000000,0.005385780000,233.424414134600,43340.874327321205
1642200720,43358.000000000000,43367.710000000000,43355.330000000000,43363.400000000000,1.930828600000,83733.947535984100,43366.846511380710
1642200780,43374.520000000000,43374.750000000000,43374.520000000000,43374.750000000000,0.500000000000,21687.340423914700,43374.680847829400
1642200840,43378.320000000000,43440.170000000000,43378.320000000000,43407.580000000000,0.293225610000,12726.662752638400,43402.289290619602
1642200900,43418.380000000000,43418.380000000000,43365.560000000000,43384.010000000000,0.109858830000,4768.057353559000,43401.676074276414
1642200960,43381.150000000000,43381.150000000000,43338.470000000000,43338.470000000000,0.026211730000,1136.208094989500,43347.314160091684
1642201020,43334.830000000000,43334.830000000000,43327.070000000000,43327.070000000000,0.059560000000,2580.675059600000,43328.996971121558
1642201080,43307.110000000000,43329.680000000000,43305.750000000000,43305.750000000000,0.025230430000,1092.729754662400,43309.993316102817
1642201140,43305.750000000000,43318.480000000000,43285.210000000000,43285.210000000000,0.644033720000,27883.141929704100,43294.537325940169
1642201200,43294.530000000000,43309.850000000000,43282.240000000000,43282.240000000000,0.026066850000,1128.595451490500,43296.196183677737
1642201260,43300.490000000000,43319.990000000000,43298.210000000000,43319.990000000000,0.063813930000,2763.586266239300,43306.943581743046
1642201320,43308.740000000000,43308.740000000000,43247.060000000000,43253.180000000000,0.063025570000,2727.972298687000,43283.579961069770
1642201380,43257.280000000000,43257.280000000000,43228.430000000000,43236.870000000000,0.016660000000,720.256021100000,43232.654327731093
1642201440,43246.160000000000,43246.160000000000,43214.170000000000,43238.250000000000,0.033395750000,1443.396648577500,43220.968194381022
1642201500,43238.250000000000,43270.570000000000,43230.110000000000,43268.780000000000,0.194772600000,8421.053861830600,43235.310622903837
1642201560,43266.620000000000,43267.580000000000,43247.280000000000,43267.070000000000,0.020530000000,888.123432000000,43259.787238188017
1642201620,43268.340000000000,43290.780000000000,43253.700000000000,43279.580000000000,0.130126140000,5630.396129628400,43268.755452427929
1642201680,43284.820000000000,43289.490000000000,43259.130000000000,43259.130000000000,0.713470040000,30879.978396028700,43281.394683410533
1642201740,43280.990000000000,43280.990000000000,43272.940000000000,43273.120000000000,0.057350000000,2481.899445900000,43276.363485614647
1642201800,43278.780000000000,43283.880000000000,43268.750000000000,43283.880000000000,0.135180000000,5850.349542800000,43278.218248261577
1642201860,43284.980000000000,43292.370000000000,43262.760000000000,43273.800000000000,0.143869890000,6225.698542501800,43273.116720265790
1642201920,43280.650000000000,43296.120000000000,43280.650000000000,43296.120000000000,0.050744750000,2196.299659987500,43281.317968607590
1642201980,43295.970000000000,43295.970000000000,43274.020000000000,43277.940000000000,0.296097260000,12817.123546485200,43286.869815969252
1642202040,43266.460000000000,43279.080000000000,43258.300000000000,43258.300000000000,0.696826360000,30145.482551918200,43261.111063476703
1642202100,43278.270000000000,43278.270000000000,43267.910000000000,43267.910000000000,0.127002330000,5495.516002990100,43270.985681838279
1642202160,43282.240000000000,43285.420000000000,43278.480000000000,43281.000000000000,0.013920000000,602.492277400000,43282.491192528736
1642202220,43284.460000000000,43294.290000000000,43278.380000000000,43278.380000000000,0.049050000000,2122.907563100000,43280.480389398573
1642202280,43279.480000000000,43279.480000000000,43275.680000000000,43275.680000000000,0.023220000000,1004.898747700000,43277.293182601206
1642202340,43262.900000000000,43262.900000000000,43228.520000000000,43228.520000000000,0.744706720000,32197.020974896000,43234.497702526439
1642202400,43225.070000000000,43225.070000000000,43196.570000000000,43202.070000000000,0.345804170000,14940.397103381900,43204.791611916941
1642202460,43197.140000000000,43199.350000000000,43160.000000000000,43166.090000000000,0.427327690000,18449.168052377400,43173.350297935058
1642202520,43165.750000000000,43165.750000000000,43120.000000000000,43165.450000000000,0.167001280000,7205.563454700000,43146.755849416243
1642202580,43143.470000000000,43143.470000000000,43100.720000000000,43137.730000000000,0.986706120000,42555.251475265400,43128.597880051054
1642202640,43110.090000000000,43119.590000000000,43080.000000000000,43097.200000000000,3.088274000000,133046.205187480000,43081.088396780856
1642202700,43098.840000000000,43101.970000000000,43078.660000000000,43084.630000000000,0.024183700000,1042.320707589000,43100.133874841318
1642202760,43089.400000000000,43097.750000000000,43060.000000000000,43070.560000000000,0.052814740000,2274.868829554400,43072.612485726522
1642202820,43083.500000000000,43115.340000000000,43083.500000000000,43104.100000000000,0.047590000000,2051.526701200000,43108.356822861946
1642202880,43082.870000000000,43099.830000000000,43072.960000000000,43072.960000000000,0.472805630000,20370.261777146200,43083.796986821413
1642202940,43098.550000000000,43120.750000000000,43098.550000000000,43101.960000000000,0.277088750000,11943.439653366000,43103.300488980516
1642203000,43117.950000000000,43122.410000000000,43110.630000000000,43110.630000000000,0.018523500000,798.691232035000,43117.727861095366
1642203060,43110.630000000000,43110.630000000000,43093.890000000000,43105.910000000000,0.383046750000,16508.794758232300,43098.642027983007
1642203120,43095.250000000000,43099.350000000000,43070.970000000000,43076.380000000000,0.390719320000,16833.575502055600,43083.550365657885
1642203180,43067.140000000000,43070.100000000000,43057.260000000000,43070.100000000000,0.348747560000,15016.348047185600,43057.930060315261
1642203240,43068.690000000000,43085.140000000000,43066.760000000000,43077.940000000000,0.063192110000,2721.694963047600,43070.170675541614
1642203300,43094.550000000000,43109.320000000000,43094.550000000000,43105.640000000000,0.063142740000,2721.795390746000,43105.436836380556
1642203360,43111.050000000000,43117.550000000000,43093.740000000000,43117.550000000000,0.141200000000,6086.189008000000,43103.321586402266
1642203420,43117.550000000000,43117.550000000000,43067.560000000000,43067.570000000000,10.530393600000,453682.436516485500,43083.141404751053
1642203480,43080.820000000000,43094.290000000000,43077.230000000000,43082.720000000000,2.975397540000,128191.836244958000,43083.935683081193
1642203540,43077.230000000000,43087.530000000000,43077.230000000000,43077.230000000000,1.247998380000,53763.218813202700,43079.558174749153
1642203600,43095.890000000000,43095.960000000000,43077.230000000000,43083.820000000000,0.628239760000,27064.489461314800,43079.873615950064
1642203660,43068.590000000000,43070.690000000000,43061.010000000000,43070.690000000000,0.024780000000,1067.243164200000,43068.731404358353
1642203720,43056.070000000000,43064.930000000000,43056.070000000000,43064.930000000000,0.485240000000,20892.573629200000,43056.165256780150
1642203780,43061.800000000000,43061.800000000000,43058.440000000000,43061.770000000000,0.008638850000,371.999300964500,43061.206174953842
1642203840,43061.770000000000,43061.770000000000,43035.710000000000,43051.010000000000,0.320301730000,13786.379097869300,43041.850251228115
1642203900,43040.620000000000,43046.870000000000,43035.620000000000,43036.250000000000,0.446173750000,19203.931486256000,43041.374545804185
1642203960,43039.330000000000,43048.730000000000,43038.270000000000,43048.730000000000,0.120662590000,5193.261984664700,43039.536816379460
1642204020,43078.370000000000,43101.690000000000,43060.900000000000,43080.850000000000,0.192480090000,8291.655161233000,43077.988799948088
1642204080,43060.670000000000,43080.850000000000,43060.670000000000,43080.850000000000,0.029264760000,1260.370246789200,43067.848387931424
1642204140,43083.650000000000,43091.130000000000,43078.740000000000,43078.740000000000,0.020578040000,886.587037046000,43084.134205492846
1642204200,43084.140000000000,43088.410000000000,43064.820000000000,43064.820000000000,0.006221200000,267.976933192800,43074.797979939561
1642204260,43072.410000000000,43072.600000000000,43063.570000000000,43063.570000000000,0.106130000000,4571.252097500000,43072.195397154434
1642204320,43068.120000000000,43068.840000000000,43068.120000000000,43068.840000000000,0.053887110000,2320.851553052400,43068.770120579857
1642204380,43080.840000000000,43098.770000000000,43080.840000000000,43082.330000000000,0.240490150000,10361.454132115500,43084.733957359584
1642204440,43094.400000000000,43102.360000000000,43091.250000000000,43102.360000000000,0.164536230000,7090.402533787500,43093.259969476024
1642204500,43102.360000000000,43102.360000000000,43102.170000000000,43102.350000000000,0.073010000000,3146.895201500000,43102.249027530475
1642204560,43102.360000000000,43102.360000000000,43077.510000000000,43089.550000000000,0.433935790000,18695.361481446300,43083.243909073046
1642204620,43089.550000000000,43093.860000000000,43089.550000000000,43093.860000000000,0.053190000000,2292.104553158500,43092.772197001316
1642204680,43079.850000000000,43101.650000000000,43079.850000000000,43101.650000000000,0.023248510000,1002.010298633500,43099.979251724089
1642204740,43094.350000000000,43102.360000000000,43094.350000000000,43102.350000000000,0.220250000000,9491.672497200000,43094.994311918275
1642204800,43085.760000000000,43156.160000000000,43085.760000000000,43156.160000000000,3.612880000000,155782.425197646300,43118.627022665105
1642204860,43166.920000000000,43185.960000000000,43145.560000000000,43161.390000000000,0.094220450000,4066.908007932500,43163.750628791308
1642204920,43173.610000000000,43190.870000000000,43173.610000000000,43185.960000000000,0.019730000000,852.074549200000,43186.748565636088
1642204980,43198.170000000000,43198.170000000000,43135.850000000000,43140.160000000000,0.794795790000,34319.470832175300,43180.237318790152
1642205040,43120.490000000000,43120.490000000000,43031.920000000000,43043.120000000000,0.125020290000,5382.301191939100,43051.421428786479
1642205100,43020.000000000000,43035.230000000000,43006.960000000000,43027.900000000000,0.183872090000,7912.567239664800,43032.997773967763
1642205160,43038.330000000000,43038.330000000000,43035.340000000000,43035.340000000000,0.004160000000,179.037957800000,43037.970625000000
1642205220,43069.590000000000,43069.590000000000,43025.670000000000,43025.670000000000,0.016810000000,723.967568400000,43067.672123735871
1642205280,43010.070000000000,43010.070000000000,42923.000000000000,43002.000000000000,4.098748470000,176091.792869286500,42962.332077256378
1642205340,43004.000000000000,43024.120000000000,43004.000000000000,43024.120000000000,0.791501410000,34052.626462037900,43022.824762924806
1642205400,43058.340000000000,43058.340000000000,43056.150000000000,43058.090000000000,0.040170000000,1729.643023700000,43058.078757779437
1642205460,43048.240000000000,43048.240000000000,43011.330000000000,43012.790000000000,0.025410000000,1093.286584800000,43025.839622195986
1642205520,43010.140000000000,43011.930000000000,43006.610000000000,43006.610000000000,0.055088520000,2369.361801612800,43010.082710749899
1642205580,42985.990000000000,43014.580000000000,42968.380000000000,43014.580000000000,0.231068660000,9929.467276624800,42971.934301366529
1642205640,43033.820000000000,43040.520000000000,43033.820000000000,43034.730000000000,0.018650000000,802.665949000000,43038.388686327078
1642205700,43041.480000000000,43055.940000000000,43041.480000000000,43055.940000000000,0.011320000000,487.270305600000,43045.080000000000
1642205760,43087.850000000000,43092.540000000000,43057.770000000000,43057.770000000000,0.425215880000,18319.144007539000,43081.984632227282
1642205820,43067.230000000000,43067.230000000000,43033.820000000000,43033.820000000000,0.207215170000,8924.132584963900,43066.984839787068
1642205880,43047.160000000000,43071.780000000000,43047.160000000000,43071.780000000000,0.004845550000,208.670147572000,43064.285286912734
1642205940,43066.720000000000,43066.720000000000,43066.720000000000,43066.720000000000,0.004035750000,173.806515240000,43066.720000000000
1642206000,43052.600000000000,43055.940000000000,43038.490000000000,43042.430000000000,0.032370000000,1393.634234600000,43053.266438059933
1642206060,43029.820000000000,43029.820000000000,43000.000000000000,43002.430000000000,0.097218470000,4181.417327443200,43010.523899863884
1642206120,43028.780000000000,43053.540000000000,43028.780000000000,43050.740000000000,0.113305830000,4877.836011755900,43050.176780452515
1642206180,43068.630000000000,43082.940000000000,43065.780000000000,43082.940000000000,0.041540000000,1789.455119700000,43077.879626865672
1642206240,43076.210000000000,43077.750000000000,43076.210000000000,43076.230000000000,0.157523000000,6785.507130890000,43076.294451540410
1642206300,43055.510000000000,43062.490000000000,43035.380000000000,43035.380000000000,0.610537310000,26287.904645542300,43056.999490403462
1642206360,43035.380000000000,43040.350000000000,43035.380000000000,43040.350000000000,0.006520000000,280.595312500000,43036.090874233129
1642206420,43054.240000000000,43069.740000000000,43032.200000000000,43068.380000000000,0.416491190000,17928.754100081700,43047.138884454435
1642206480,43067.230000000000,43070.440000000000,43067.230000000000,43067.230000000000,0.133400000000,5745.193381800000,43067.416655172414
1642206540,43067.230000000000,43104.630000000000,43067.230000000000,43084.440000000000,1.836221860000,79110.147549303600,43083.109548267550
1642206600,43087.340000000000,43128.250000000000,43087.340000000000,43126.580000000000,1.746658140000,75291.705308048500,43106.148583859977
1642206660,43126.800000000000,43126.850000000000,43117.850000000000,43117.850000000000,0.066833610000,2881.923537648000,43120.871933268307
1642206720,43110.350000000000,43110.350000000000,43077.780000000000,43077.780000000000,2.048698520000,88256.318039830600,43079.212084280024
1642206780,43048.960000000000,43048.960000000000,43028.000000000000,43045.560000000000,0.205790000000,8859.011057200000,43048.792736284562
1642206840,43045.130000000000,43045.130000000000,43021.930000000000,43041.510000000000,0.122160690000,5256.664746731700,43030.738830401990
1642206900,43047.470000000000,43047.470000000000,43031.960000000000,43031.960000000000,0.004974160000,214.066311053600,43035.670556154205
1642206960,43039.070000000000,43040.020000000000,43034.210000000000,43034.210000000000,0.021240000000,914.113310500000,43037.349835216573
1642207020,43030.830000000000,43030.830000000000,43001.480000000000,43010.170000000000,1.125007980000,48380.952017094500,43004.985633163687
1642207080,43036.830000000000,43036.830000000000,43022.870000000000,43022.870000000000,0.046570240000,2004.032581539200,43032.472702292280
1642207140,43022.870000000000,43044.700000000000,43022.870000000000,43044.700000000000,2.933473930000,126262.594040442700,43042.003117594674
1642207200,43022.870000000000,43031.480000000000,43022.870000000000,43031.480000000000,0.271228680000,11669.193464411600,43023.449675055013
1642207260,43017.590000000000,43017.590000000000,42980.470000000000,43004.650000000000,1.884308190000,81012.149196144500,42993.046268160890
1642207320,43011.580000000000,43034.730000000000,43011.580000000000,43034.730000000000,0.493583080000,21230.333076423600,43012.684058018359
1642207380,43020.200000000000,43020.200000000000,43010.350000000000,43010.350000000000,0.027440000000,1180.224699800000,43011.104220116618
1642207440,43029.470000000000,43031.630000000000,43029.470000000000,43031.630000000000,0.017300000000,744.435842900000,43030.973578034682
1642207500,43027.930000000000,43028.930000000000,43027.930000000000,43028.930000000000,0.011920000000,512.901515600000,43028.650637583893
1642207560,43028.330000000000,43033.230000000000,43025.490000000000,43033.230000000000,0.018450000000,793.879657700000,43028.707734417344
1642207620,43028.860000000000,43033.230000000000,43028.630000000000,43030.130000000000,0.216060220000,9296.975931031600,43029.558754645349
1642207680,43072.210000000000,43090.240000000000,43072.210000000000,43090.240000000000,0.133695600000,5759.456266849600,43078.876693396043
1642207740,43084.040000000000,43084.040000000000,43067.140000000000,43067.140000000000,0.017800560000,766.857612429600,43080.532996130459
1642207800,43105.250000000000,43122.450000000000,43087.900000000000,43122.450000000000,0.179104300000,7722.162390868100,43115.449438500918
1642207860,43107.970000000000,43107.970000000000,43104.850000000000,43104.850000000000,0.033010000000,1422.923296900000,43105.825413511057
1642207920,43108.750000000000,43108.750000000000,43108.750000000000,43108.750000000000,0.000900000000,38.797875000000,43108.750000000000
1642207980,43092.240000000000,43102.950000000000,43092.240000000000,43102.950000000000,0.004140000000,178.436895300000,43100.699347826087
1642208040,43099.450000000000,43128.720000000000,43099.450000000000,43114.250000000000,2.331537820000,100534.726189789800,43119.491919624877
1642208100,43128.350000000000,43135.060000000000,43119.550000000000,43120.450000000000,2.144983740000,92511.896281754700,43129.416114713625
1642208160,43128.350000000000,43128.350000000000,43117.250000000000,43122.350000000000,0.009465540000,408.186305565000,43123.404007061404
1642208220,43122.350000000000,43122.350000000000,43122.350000000000,43122.350000000000,0.040000000000,1724.894000000000,43122.350000000000
1642208280,43154.430000000000,43155.060000000000,43138.110000000000,43155.060000000000,0.233427100000,10070.183335581000,43140.592225928352
1642208340,43151.500000000000,43168.150000000000,43138.100000000000,43138.100000000000,0.095768800000,4132.816050171200,43154.096638688174
1642208400,43159.260000000000,43167.240000000000,43159.260000000000,43160.770000000000,0.366499310000,15818.131939757500,43160.059263842816
1642208460,43172.560000000000,43175.760000000000,43159.130000000000,43172.160000000000,0.145407820000,6276.842047496600,43167.155985810117
1642208520,43173.060000000000,43173.910000000000,43149.170000000000,43149.170000000000,0.283421870000,12235.952309322200,43172.223474928734
1642208580,43129.070000000000,43134.750000000000,43114.260000000000,43121.310000000000,0.033919960000,1462.538451229600,43117.340092075580
1642208640,43117.050000000000,43117.050000000000,43081.060000000000,43095.410000000000,0.122000750000,5257.590410735000,43094.738440009590
1642208700,43095.410000000000,43096.880000000000,43090.090000000000,43096.880000000000,0.103728670000,4469.726294880300,43090.558231203582
1642208760,43088.000000000000,43107.350000000000,43086.980000000000,43102.250000000000,0.253583180000,10928.119265486800,43094.811199570886
1642208820,43095.260000000000,43147.460000000000,43095.260000000000,43147.460000000000,0.181013240000,7801.434899242400,43098.697638042388
1642208880,43139.000000000000,43147.300000000000,43132.740000000000,43147.300000000000,0.673521480000,29057.702654963500,43142.948692539843
1642208940,43129.850000000000,43151.860000000000,43109.510000000000,43128.950000000000,0.742714780000,32020.384634761200,43112.626134572413
1642209000,43117.480000000000,43127.640000000000,43095.010000000000,43095.020000000000,3.488112390000,150401.204037774400,43118.221898169514
1642209060,43096.260000000000,43112.920000000000,43096.260000000000,43112.920000000000,0.588646440000,25368.699508514400,43096.666835383223
1642209120,43112.920000000000,43148.140000000000,43112.920000000000,43135.050000000000,0.213380240000,9203.996773712000,43134.250733394995
1642209180,43148.140000000000,43148.570000000000,43145.080000000000,43148.570000000000,0.016958760000,731.721341106400,43147.101622194076
1642209240,43154.780000000000,43154.780000000000,43148.750000000000,43148.750000000000,0.009460000000,408.206771400000,43150.821501057083
1642209300,43148.750000000000,43152.220000000000,43132.970000000000,43132.970000000000,0.054303820000,2343.133409845400,43148.592674426956
1642209360,43120.810000000000,43120.810000000000,43109.600000000000,43109.600000000000,0.055590000000,2397.034743700000,43119.891054146430
1642209420,43112.640000000000,43115.350000000000,43096.180000000000,43096.180000000000,0.037352450000,1610.392229341000,43113.429757378699
1642209480,43092.760000000000,43106.250000000000,43092.760000000000,43104.940000000000,0.016953890000,730.810000216600,43105.741526965198
1642209540,43092.760000000000,43120.810000000000,43092.760000000000,43120.810000000000,0.024050760000,1036.944403397600,43114.828945014627
1642209600,43115.200000000000,43119.520000000000,43115.200000000000,43119.520000000000,0.033020000000,1423.801951500000,43119.380723803756
1642209660,43122.680000000000,43122.680000000000,43122.680000000000,43122.680000000000,0.000980000000,42.260226400000,43122.680000000000
1642209720,43124.760000000000,43133.620000000000,43105.770000000000,43105.770000000000,0.173489260000,7481.819382940100,43125.547846247657
1642209780,43092.760000000000,43104.300000000000,43092.760000000000,43094.850000000000,0.016811820000,724.514684881800,43095.553300106710
1642209840,43086.340000000000,43091.140000000000,43057.300000000000,43087.300000000000,0.006836290000,294.518720217000,43081.659820897007
1642209900,43085.640000000000,43091.910000000000,43080.640000000000,43091.910000000000,0.881481990000,37980.652556915500,43087.270060861368
1642209960,43081.840000000000,43086.940000000000,43080.970000000000,43086.940000000000,0.031500000000,1357.083637000000,43082.020222222222
1642210020,43086.140000000000,43086.140000000000,43086.140000000000,43086.140000000000,0.002810000000,121.072053400000,43086.140000000000
1642210080,43086.940000000000,43104.650000000000,43086.940000000000,43104.650000000000,0.057067670000,2458.891639729800,43087.296883328161
1642210140,43098.270000000000,43116.150000000000,43098.270000000000,43114.890000000000,0.099322700000,4281.502464024000,43106.988271804935
1642210200,43088.840000000000,43101.760000000000,43088.840000000000,43088.840000000000,0.068207790000,2939.108840857400,43090.515626696012
1642210260,43091.940000000000,43094.650000000000,43073.670000000000,43073.670000000000,0.031978670000,1377.932702462700,43089.118542537886
1642210320,43069.530000000000,43069.530000000000,43057.300000000000,43057.300000000000,0.345895250000,14894.522409024600,43060.789094457354
1642210380,43075.140000000000,43075.140000000000,43057.310000000000,43075.080000000000,0.099577540000,4288.851280117400,43070.468301560774
1642210440,43079.810000000000,43109.700000000000,43079.000000000000,43109.700000000000,0.085664680000,3691.106747320000,43087.848426212530
1642210500,43106.670000000000,43106.670000000000,43077.380000000000,43093.320000000000,4.755865410000,204896.906995837000,43082.991071405655
1642210560,43090.690000000000,43090.690000000000,43058.490000000000,43058.490000000000,0.879013980000,37857.669579035000,43068.336158925481
1642210620,43044.910000000000,43050.780000000000,43024.270000000000,43045.240000000000,0.525016940000,22589.487365979100,43026.206670548763
1642210680,43040.470000000000,43049.610000000000,43024.590000000000,43024.590000000000,0.113360000000,4879.751035100000,43046.498192484121
1642210740,42995.660000000000,42995.660000000000,42950.000000000000,42950.000000000000,2.573311210000,110565.314307608700,42966.165101969420
1642210800,42952.880000000000,42981.320000000000,42952.880000000000,42977.750000000000,0.421370000000,18099.334234300000,42953.542573747538
1642210860,42963.630000000000,42969.900000000000,42944.980000000000,42947.840000000000,1.349000710000,57962.629753798300,42967.086172844416
1642210920,42950.920000000000,42950.920000000000,42897.500000000000,42921.400000000000,5.544485440000,237891.546224076400,42905.973655884720
1642210980,42928.410000000000,42932.300000000000,42923.850000000000,42925.380000000000,0.215268990000,9240.393215770800,42924.869094107796
1642211040,42939.800000000000,42939.800000000000,42939.510000000000,42939.510000000000,0.006960000000,298.860845600000,42939.776666666667
1642211100,42950.080000000000,42980.160000000000,42943.280000000000,42980.160000000000,0.141870680000,6092.768962454400,42945.934723470699
1642211160,42959.450000000000,42962.010000000000,42944.180000000000,42962.010000000000,0.580884900000,24950.755662646200,42953.011280971842
1642211220,42962.220000000000,42965.020000000000,42962.220000000000,42965.020000000000,0.030310000000,1302.210088200000,42963.051408775982
1642211280,42957.320000000000,42973.380000000000,42957.320000000000,42973.380000000000,0.042414950000,1822.656816631000,42972.037374345602
1642211340,42973.300000000000,42973.380000000000,42972.560000000000,42972.560000000000,0.028930000000,1243.215503800000,42973.228613895610
1642211400,42973.380000000000,42973.380000000000,42957.980000000000,42957.980000000000,0.327541780000,14071.121492974400,42959.775980256320
1642211460,42962.170000000000,42967.920000000000,42962.170000000000,42967.750000000000,0.045000000000,1933.546569300000,42967.701540000000
1642211520,42977.900000000000,42978.940000000000,42977.900000000000,42978.940000000000,0.089420000000,3843.161555600000,42978.769353612167
1642211580,42977.970000000000,42980.120000000000,42977.970000000000,42980.120000000000,0.031420000000,1350.430790900000,42979.974248886060
1642211640,42980.120000000000,42989.680000000000,42980.120000000000,42989.100000000000,0.029520000000,1268.845845000000,42982.582825203252
1642211700,42989.680000000000,42989.680000000000,42989.660000000000,42989.680000000000,0.121593560000,5227.266614460800,42989.666676925982
1642211760,42989.680000000000,43000.420000000000,42989.640000000000,43000.420000000000,0.496608000000,21350.165185653400,42991.988018021055
1642211820,42979.420000000000,43003.370000000000,42979.420000000000,43003.370000000000,0.013418920000,576.934951626400,42994.141974644755
1642211880,43000.860000000000,43006.430000000000,43000.860000000000,43006.430000000000,0.047833060000,2056.866002731600,43000.928703528480
1642211940,42996.510000000000,43007.070000000000,42996.510000000000,43006.920000000000,0.019584610000,842.260575311100,43006.247012889202
1642212000,42994.620000000000,43017.200000000000,42994.620000000000,43012.230000000000,0.084522410000,3635.388059124000,43010.937089039463
1642212060,42989.570000000000,42996.460000000000,42982.280000000000,42986.960000000000,0.196077130000,8429.257077656400,42989.496417335362
1642212120,42970.940000000000,42979.730000000000,42970.940000000000,42979.730000000000,0.009679530000,415.987446358200,42975.996392200861
1642212180,42970.730000000000,42970.730000000000,42966.820000000000,42966.820000000000,0.005050000000,216.994911800000,42969.289465346534
1642212240,42979.570000000000,42979.570000000000,42950.110000000000,42950.110000000000,0.010610000000,455.808146900000,42960.240047125353
1642212300,42952.320000000000,42975.020000000000,42952.320000000000,42975.020000000000,0.300981340000,12929.317688576400,42957.206877264883
1642212360,42978.980000000000,43000.460000000000,42978.980000000000,43000.000000000000,0.213850000000,9193.651673000000,42991.123090951602
1642212420,42998.550000000000,42998.550000000000,42998.550000000000,42998.550000000000,0.000823000000,35.387806650000,42998.550000000000
1642212480,43000.000000000000,43021.940000000000,43000.000000000000,43021.940000000000,0.319810000000,13754.524271400000,43008.424600231387
1642212540,43021.940000000000,43032.680000000000,43021.940000000000,43032.680000000000,0.043230000000,1859.849635800000,43022.198376127689
1642212600,43015.730000000000,43015.730000000000,42994.660000000000,43008.230000000000,0.019359400000,832.738213362000,43014.670566339866
1642212660,43006.640000000000,43022.190000000000,42992.870000000000,42992.870000000000,1.922397580000,82700.137995632700,43019.268675750569
1642212720,43012.430000000000,43012.430000000000,43011.750000000000,43012.430000000000,0.014230000000,612.061238400000,43012.033619114547
1642212780,43001.030000000000,43001.530000000000,42986.580000000000,42986.580000000000,0.094824710000,4076.386622806300,42988.653725450887
1642212840,43001.530000000000,43015.300000000000,43001.530000000000,43014.550000000000,0.011500000000,494.660346100000,43013.943139130435
1642212900,43008.360000000000,43022.190000000000,43008.360000000000,43022.190000000000,0.072530520000,3119.851881676800,43014.332196664246
1642212960,43026.050000000000,43058.300000000000,43026.050000000000,43051.070000000000,0.136306450000,5867.257837806400,43044.608951420861
1642213020,43063.870000000000,43063.870000000000,43046.090000000000,43046.090000000000,0.006940000000,298.833524400000,43059.585648414985
1642213080,43029.170000000000,43042.530000000000,43023.580000000000,43023.580000000000,0.042926000000,1847.081221620000,43029.427890322881
1642213140,43031.930000000000,43053.770000000000,43031.930000000000,43053.770000000000,0.209573030000,9019.386890695300,43036.963729041375
1642213200,43041.330000000000,43041.330000000000,43034.720000000000,43034.720000000000,0.003741170000,161.017308222400,43039.292045643475
1642213260,43062.940000000000,43062.940000000000,43043.670000000000,43054.080000000000,0.092011840000,3960.568919952800,43044.122581972059
1642213320,43058.110000000000,43058.110000000000,43058.110000000000,43058.110000000000,0.040000000000,1722.324400000000,43058.110000000000
1642213380,43065.050000000000,43069.040000000000,43023.710000000000,43023.710000000000,1.043911640000,44914.471957899800,43025.166342526653
1642213440,43036.810000000000,43039.230000000000,43018.670000000000,43038.740000000000,0.016782960000,722.113352763200,43026.578908797972
1642213500,43026.280000000000,43032.440000000000,43026.280000000000,43029.620000000000,0.009489460000,408.327018746400,43029.531579921302
1642213560,43018.860000000000,43044.730000000000,43018.860000000000,43041.330000000000,0.068518390000,2947.673069635400,43020.174140627063
1642213620,43028.870000000000,43041.500000000000,43028.870000000000,43041.500000000000,0.291280390000,12533.792857059300,43029.992019233770
1642213680,43039.020000000000,43039.020000000000,43036.870000000000,43036.870000000000,0.013370000000,575.429590400000,43038.862408376963
1642213740,43036.870000000000,43038.130000000000,43036.870000000000,43038.130000000000,0.005124410000,220.541561422200,43037.454345417326
1642213800,43040.430000000000,43067.210000000000,43027.320000000000,43067.210000000000,0.073173150000,3149.875475558000,43046.875466725158
1642213860,43061.940000000000,43071.810000000000,43061.940000000000,43069.040000000000,0.341776700000,14720.154293368000,43069.507937106304
1642213920,43078.440000000000,43088.940000000000,43078.440000000000,43088.940000000000,0.020570000000,886.265970800000,43085.365619834711
1642213980,43094.750000000000,43094.750000000000,43076.320000000000,43076.560000000000,0.008366280000,360.464713489600,43085.423090023284
1642214100,43071.140000000000,43071.140000000000,43069.990000000000,43070.940000000000,0.007400000000,318.721228500000,43070.436283783783
1642214160,43075.240000000000,43089.440000000000,43058.720000000000,43073.440000000000,0.282336130000,12160.428146739200,43070.747434057413
1642214220,43085.440000000000,43085.440000000000,43084.010000000000,43084.010000000000,0.016962700000,730.836541388000,43084.918166801276
1642214280,43074.610000000000,43074.610000000000,43074.590000000000,43074.590000000000,0.053290940000,2295.486401433400,43074.608956670684
1642214340,43074.590000000000,43085.440000000000,43074.590000000000,43085.440000000000,0.015111790000,651.047432416100,43082.085736772414
1642214400,43085.440000000000,43085.440000000000,43085.440000000000,43085.440000000000,0.001920000000,82.724044800000,43085.440000000000
1642214460,43085.440000000000,43089.920000000000,43076.280000000000,43076.280000000000,0.125333440000,5399.324846016000,43079.682852525232
1642214520,43086.580000000000,43095.130000000000,43061.280000000000,43082.400000000000,1.938158990000,83503.916791375000,43084.141818197793
1642214580,43089.340000000000,43089.340000000000,43063.920000000000,43071.180000000000,0.870620240000,37493.420577292400,43065.183710055260
1642214640,43072.850000000000,43084.900000000000,43072.850000000000,43080.500000000000,0.024580000000,1058.882846000000,43079.041741253051
1642214700,43067.570000000000,43067.570000000000,43066.480000000000,43066.480000000000,0.033697740000,1451.275154691800,43067.432851336618
1642214760,43080.490000000000,43080.490000000000,43045.550000000000,43050.850000000000,0.789590790000,33993.938050842800,43052.602033064241
1642214820,43046.120000000000,43050.850000000000,43027.070000000000,43027.070000000000,0.169500000000,7295.673292600000,43042.320310324484
1642214880,43044.290000000000,43051.490000000000,43036.910000000000,43051.240000000000,0.099775310000,4294.397481892100,43040.682929395057
1642214940,43054.240000000000,43054.240000000000,43054.240000000000,43054.240000000000,0.003490000000,150.259297600000,43054.240000000000
1642215000,43035.460000000000,43051.140000000000,43035.460000000000,43049.700000000000,0.208820470000,8987.023205931500,43037.079678690025
1642215060,43051.080000000000,43051.080000000000,43046.700000000000,43046.700000000000,0.002402920000,103.443892164000,43049.245153396701
1642215120,43033.360000000000,43050.720000000000,43033.360000000000,43050.720000000000,0.199333810000,8578.563699401600,43036.169826892889
1642215180,43033.360000000000,43050.720000000000,43033.360000000000,43050.720000000000,0.106631060000,4590.026908161600,43045.871513999767
1642215240,43046.390000000000,43046.390000000000,43046.390000000000,43046.390000000000,0.008830000000,380.099623700000,43046.390000000000
1642215300,43046.410000000000,43065.300000000000,43046.260000000000,43065.300000000000,1.550600750000,66770.660877157000,43061.156056552275
1642215360,43071.680000000000,43094.050000000000,43071.680000000000,43094.050000000000,0.090152080000,3884.135525397600,43084.258570602031
1642215420,43094.050000000000,43129.560000000000,43094.050000000000,43127.380000000000,1.558194110000,67195.259922123200,43123.805622730277
1642215480,43115.750000000000,43116.450000000000,43115.750000000000,43116.450000000000,0.003250000000,140.126873500000,43115.961076923077
1642215540,43124.550000000000,43124.550000000000,43124.550000000000,43124.550000000000,0.002280000000,98.323974000000,43124.550000000000
1642215600,43136.150000000000,43136.150000000000,43136.150000000000,43136.150000000000,0.007300000000,314.893895000000,43136.150000000000
1642215660,43136.150000000000,43136.150000000000,43109.350000000000,43109.350000000000,0.080709730000,3480.410052718500,43122.558491008457
1642215720,43098.520000000000,43128.000000000000,43098.520000000000,43128.000000000000,0.053646430000,2312.491814283600,43106.164087407121
1642215780,43130.750000000000,43131.650000000000,43118.170000000000,43131.650000000000,0.027176720000,1172.145376602400,43130.494651392810
1642215840,43119.150000000000,43129.150000000000,43112.420000000000,43129.150000000000,0.015910000000,685.990476500000,43116.937554996857
1642215900,43129.020000000000,43129.150000000000,43123.850000000000,43129.020000000000,0.019710000000,850.061070700000,43128.415560629122
1642215960,43129.010000000000,43132.850000000000,43129.010000000000,43132.850000000000,0.020970000000,904.443919700000,43130.372899380067
1642216020,43132.340000000000,43132.340000000000,43127.950000000000,43127.950000000000,0.009010000000,388.593058200000,43129.085260821310
1642216080,43127.420000000000,43127.420000000000,43115.150000000000,43115.150000000000,0.012840000000,553.737790500000,43125.996144859813
1642216140,43103.610000000000,43130.950000000000,43103.610000000000,43130.950000000000,0.220840000000,9519.467666000000,43105.722088389784
1642216200,43131.950000000000,43131.950000000000,43122.640000000000,43122.860000000000,0.022500650000,970.355747959000,43125.676278640839
1642216260,43120.430000000000,43120.430000000000,43104.930000000000,43108.380000000000,0.043754100000,1886.494240576500,43115.827787030243
1642216320,43097.590000000000,43097.590000000000,43097.590000000000,43097.590000000000,0.015541000000,669.779646190000,43097.590000000000
1642216380,43108.380000000000,43114.440000000000,43104.060000000000,43104.060000000000,1.601913780000,69063.253952390800,43112.965762983074
1642216440,43092.310000000000,43092.310000000000,43092.310000000000,43092.310000000000,0.000590000000,25.424462900000,43092.310000000000
1642216500,43087.140000000000,43087.140000000000,43078.010000000000,43078.010000000000,0.048479300000,2088.509821093000,43080.445078476793
1642216560,43074.800000000000,43087.600000000000,43067.160000000000,43067.160000000000,0.279292290000,12028.597783178200,43068.134044008877
1642216620,43081.670000000000,43081.670000000000,43081.670000000000,43081.670000000000,0.001190000000,51.267187300000,43081.670000000000
1642216680,43068.720000000000,43076.460000000000,43054.900000000000,43076.460000000000,0.012938070000,557.072520820800,43056.848573303437
1642216740,43054.910000000000,43058.750000000000,43054.890000000000,43058.750000000000,0.067527010000,2907.388214293300,43055.189535169704
1642216800,43058.410000000000,43058.780000000000,43058.410000000000,43058.780000000000,0.024760000000,1066.127759700000,43058.471716478191
1642216920,43052.160000000000,43053.240000000000,43051.440000000000,43053.240000000000,0.016470000000,709.067394000000,43052.057923497268
1642216980,43035.830000000000,43053.680000000000,43035.830000000000,43053.680000000000,0.177823270000,7653.934738989700,43042.368633698503
1642217040,43053.680000000000,43105.450000000000,43053.680000000000,43087.710000000000,1.148233600000,49472.395213846600,43085.653663023447
1642217100,43105.550000000000,43133.540000000000,43105.550000000000,43133.540000000000,0.895261750000,38604.208740390000,43120.583159494975
1642217160,43122.000000000000,43124.050000000000,43116.150000000000,43124.050000000000,3.102630000000,133791.603370500000,43121.997586080196
1642217220,43124.050000000000,43124.050000000000,43124.050000000000,43124.050000000000,0.026000000000,1121.225300000000,43124.050000000000
1642217280,43137.100000000000,43137.100000000000,43104.170000000000,43123.440000000000,0.915084230000,39444.508059553100,43104.783982074634
1642217340,43125.250000000000,43141.340000000000,43125.250000000000,43141.340000000000,0.028401170000,1225.127082000000,43136.500432904700
1642217400,43131.840000000000,43151.460000000000,43131.840000000000,43151.460000000000,0.011730000000,506.119975800000,43147.483017902813
1642217460,43126.650000000000,43126.650000000000,43126.650000000000,43126.650000000000,0.005800530000,250.157427124500,43126.650000000000
1642217520,43124.790000000000,43124.790000000000,43124.790000000000,43124.790000000000,0.002040000000,87.974571600000,43124.790000000000
1642217580,43113.850000000000,43113.850000000000,43113.850000000000,43113.850000000000,0.004320000000,186.251832000000,43113.850000000000
1642217640,43115.230000000000,43123.930000000000,43100.530000000000,43100.530000000000,0.012729000000,548.751008370000,43110.299974074947
1642217700,43118.000000000000,43122.610000000000,43118.000000000000,43122.610000000000,0.005380000000,231.995031800000,43121.753122676580
1642217760,43115.200000000000,43115.200000000000,43112.750000000000,43112.750000000000,0.014960000000,644.993249000000,43114.521991978610
1642217820,43109.860000000000,43119.650000000000,43109.070000000000,43109.070000000000,0.061000000000,2629.742313200000,43110.529724590164
1642217880,43109.070000000000,43109.070000000000,43078.700000000000,43078.700000000000,0.372771350000,16061.469353602900,43086.651786954389
1642217940,43077.310000000000,43077.310000000000,43055.710000000000,43055.710000000000,0.117888980000,5075.820867075800,43055.940148738245
1642218000,43045.960000000000,43050.280000000000,43032.380000000000,43032.380000000000,0.022635120000,974.313534675000,43044.328224237380
1642218060,43028.590000000000,43028.590000000000,43028.590000000000,43028.590000000000,0.002160000000,92.941754400000,43028.590000000000
1642218120,43024.140000000000,43035.090000000000,43024.140000000000,43035.090000000000,0.040500000000,1742.588110000000,43026.866913580247
1642218180,43039.080000000000,43063.360000000000,43021.650000000000,43063.360000000000,0.532009760000,22889.447152016200,43024.487280113432
1642218240,43071.630000000000,43071.630000000000,43071.630000000000,43071.630000000000,0.049939030000,2150.955422718900,43071.630000000000
1642218300,43083.900000000000,43084.140000000000,43080.000000000000,43080.000000000000,0.003864280000,166.484669004000,43082.972508203339
1642218360,43099.940000000000,43099.940000000000,43075.500000000000,43075.500000000000,1.402273190000,60430.213324112000,43094.465297530219
1642218420,43062.370000000000,43069.200000000000,43050.780000000000,43069.200000000000,0.086287370000,3716.087307208500,43066.410613841864
1642218480,43063.860000000000,43063.860000000000,43044.750000000000,43049.090000000000,1.273501440000,54822.328556888800,43048.501426813306
1642218540,43058.640000000000,43058.640000000000,43014.250000000000,43014.250000000000,0.265425290000,11420.659258192300,43027.773495857535
1642218600,43015.320000000000,43020.700000000000,43004.160000000000,43004.160000000000,0.185093990000,7961.338353080200,43012.408739366416
1642218660,43002.570000000000,43006.770000000000,42980.280000000000,42990.410000000000,0.303587780000,13054.762536416200,43001.607431024397
1642218720,42985.230000000000,42998.600000000000,42985.230000000000,42990.630000000000,0.071166940000,3059.727179284000,42993.659405392448
1642218780,42980.870000000000,42992.340000000000,42980.870000000000,42992.340000000000,0.010460000000,449.661681300000,42988.688460803059
1642218840,42993.570000000000,43004.300000000000,42990.320000000000,43004.300000000000,0.095852540000,4120.907462612800,42992.157146934240
1642218900,42997.400000000000,43001.740000000000,42994.290000000000,42994.290000000000,0.017802000000,765.448242900000,42997.879052915402
1642218960,42987.720000000000,42994.470000000000,42987.720000000000,42989.550000000000,0.003820000000,164.224050900000,42990.589240837696
1642219020,42979.120000000000,42979.120000000000,42979.120000000000,42979.120000000000,0.000947200000,40.709822464000,42979.120000000000
1642219080,42945.880000000000,42949.230000000000,42926.530000000000,42926.530000000000,2.807271000000,120535.661703965000,42936.952543578800
1642219140,42948.510000000000,42949.010000000000,42946.770000000000,42949.010000000000,0.004460000000,191.550074600000,42948.447219730942
1642219200,42953.430000000000,42956.240000000000,42941.880000000000,42956.240000000000,0.034826880000,1495.984066934400,42954.868967142621
1642219260,42956.520000000000,42956.520000000000,42942.520000000000,42942.520000000000,0.186098740000,7991.617221824800,42942.887317908762
1642219320,42963.520000000000,42963.520000000000,42928.440000000000,42928.440000000000,0.013250000000,568.954450400000,42939.958520754717
1642219380,42924.020000000000,42924.020000000000,42924.020000000000,42924.020000000000,0.001060000000,45.499461200000,42924.020000000000
1642219440,42914.700000000000,42932.730000000000,42901.000000000000,42932.730000000000,0.864596730000,37101.789571974400,42912.248317171405
1642219500,42926.320000000000,42932.770000000000,42908.880000000000,42932.770000000000,0.011428000000,490.398052540000,42911.975196009801
1642219560,42932.770000000000,42963.520000000000,42932.770000000000,42963.520000000000,0.101410000000,4356.000835700000,42954.351993886205
1642219620,42951.490000000000,42977.820000000000,42945.050000000000,42977.520000000000,0.436650000000,18754.989327000000,42951.996626588800
1642219680,42962.370000000000,42982.120000000000,42924.210000000000,42924.210000000000,2.656549810000,114073.506377089600,42940.473371771486
1642219740,42938.490000000000,42951.340000000000,42938.490000000000,42948.190000000000,0.052234490000,2242.907230020100,42939.200325687108
1642219800,42951.300000000000,42962.590000000000,42949.260000000000,42962.590000000000,0.194423870000,8350.998803631000,42952.538716727529
1642219860,42973.330000000000,42984.070000000000,42973.330000000000,42983.830000000000,0.033339000000,1432.723117170000,42974.387869162242
1642219920,42968.120000000000,42984.520000000000,42968.120000000000,42981.220000000000,0.195140030000,8386.384419547800,42976.238240548595
1642219980,42965.590000000000,42980.960000000000,42965.590000000000,42977.320000000000,0.035688440000,1533.703513093500,42974.798368701462
1642220040,42960.200000000000,42965.930000000000,42891.030000000000,42965.930000000000,19.928878090000,855236.640426849100,42914.439867841505
1642220100,42957.140000000000,42969.800000000000,42957.140000000000,42969.800000000000,0.068963140000,2962.742624042000,42961.248922859371
1642220160,42959.460000000000,42971.110000000000,42945.640000000000,42971.110000000000,0.008252020000,354.555350271600,42965.885961449439
1642220220,42963.930000000000,42970.090000000000,42948.880000000000,42970.090000000000,0.015697040000,674.392110437200,42963.011525561507
1642220280,42976.730000000000,42976.730000000000,42850.070000000000,42858.880000000000,5.602781610000,240368.843458703600,42901.697797695098
1642220340,42863.170000000000,42864.100000000000,42835.000000000000,42844.310000000000,15.177404430000,650500.360004534700,42859.789564462090
1642220400,42843.170000000000,42881.200000000000,42837.200000000000,42881.200000000000,0.592018110000,25368.984706720200,42851.703821560797
1642220460,42860.100000000000,42864.580000000000,42844.100000000000,42864.580000000000,0.229140990000,9817.699840319000,42845.672615445190
1642220520,42846.110000000000,42861.300000000000,42846.110000000000,42861.300000000000,0.013199040000,565.707223662300,42859.724924108116
1642220580,42870.200000000000,42871.270000000000,42870.200000000000,42871.270000000000,0.111230000000,4768.570313500000,42871.260572687225
1642220640,42871.300000000000,42876.600000000000,42869.790000000000,42869.790000000000,0.457572510000,19617.108380844900,42872.130541331909
1642220700,42880.830000000000,42880.830000000000,42880.830000000000,42880.830000000000,0.035388170000,1517.474101781100,42880.830000000000
1642220760,42890.500000000000,42890.500000000000,42881.890000000000,42883.100000000000,0.945393440000,40541.566629764700,42883.274745131190
1642220820,42884.900000000000,42892.900000000000,42884.900000000000,42892.900000000000,0.471972190000,20241.198506516600,42886.421987101824
1642220880,42891.420000000000,42891.420000000000,42745.200000000000,42820.480000000000,8.366272600000,357922.176544267800,42781.558007596811
1642220940,42840.180000000000,42860.700000000000,42817.790000000000,42856.000000000000,2.608415850000,111701.337895713000,42823.439328400416
1642221000,42830.030000000000,42871.800000000000,42830.030000000000,42871.800000000000,0.011238090000,481.498571142700,42845.231809204233
1642221060,42852.400000000000,42879.400000000000,42852.400000000000,42879.400000000000,0.021854130000,937.022978722000,42876.242555617634
1642221120,42872.800000000000,42872.800000000000,42834.110000000000,42840.790000000000,0.609985270000,26132.476688093000,42841.160226857609
1642221180,42837.960000000000,42837.960000000000,42823.360000000000,42833.310000000000,0.122906090000,5263.327590045200,42823.977152354289
1642221240,42831.160000000000,42852.340000000000,42820.110000000000,42852.340000000000,0.016450000000,704.803552500000,42845.200759878419
1642221300,42871.200000000000,42900.700000000000,42871.200000000000,42900.700000000000,0.068835510000,2951.607715712000,42879.143565755523
1642221360,42908.550000000000,42922.770000000000,42893.520000000000,42893.520000000000,0.077491050000,3325.549410913100,42915.271001142712
1642221420,42881.900000000000,42881.900000000000,42881.900000000000,42881.900000000000,0.001268730000,54.405552987000,42881.900000000000
1642221480,42899.100000000000,42899.100000000000,42880.410000000000,42892.800000000000,0.100400000000,4305.272613000000,42881.201324701196
1642221540,42859.350000000000,42861.520000000000,42820.870000000000,42843.790000000000,0.626955240000,26859.493455883200,42841.165911434443
1642221600,42839.430000000000,42844.290000000000,42817.740000000000,42817.740000000000,0.015691710000,672.043669376600,42827.943504984479
1642221660,42801.790000000000,42806.850000000000,42789.690000000000,42792.680000000000,0.335581510000,14363.612442936600,42802.156897549570
1642221720,42773.380000000000,42803.580000000000,42773.380000000000,42803.580000000000,1.229520300000,52611.978985524000,42790.655010351599
1642221780,42817.020000000000,42870.200000000000,42817.020000000000,42870.200000000000,0.247358640000,10599.137161483700,42849.270037560443
1642221840,42870.200000000000,42870.200000000000,42839.200000000000,42839.200000000000,0.641838270000,27499.376719427900,42844.713387732240
1642221900,42865.100000000000,42911.300000000000,42865.100000000000,42911.300000000000,0.528429620000,22674.992753658100,42910.147151967182
1642221960,42904.200000000000,42908.710000000000,42904.200000000000,42908.710000000000,0.005112070000,219.345329294000,42907.340723816380
1642222020,42914.540000000000,42917.510000000000,42896.290000000000,42896.290000000000,0.008767370000,376.232857687200,42912.852735449742
1642222080,42917.510000000000,42917.510000000000,42905.110000000000,42905.110000000000,0.045400000000,1948.402998000000,42916.365594713656
1642222140,42889.250000000000,42905.110000000000,42889.240000000000,42905.110000000000,0.173399000000,7437.127532760000,42890.256188097970
1642222200,42922.410000000000,42923.510000000000,42922.410000000000,42923.510000000000,0.019800000000,849.866204000000,42922.535555555556
1642222260,42911.310000000000,42921.510000000000,42911.100000000000,42921.510000000000,0.174719690000,7499.066533831900,42920.557687756314
1642222320,42924.260000000000,42924.260000000000,42904.160000000000,42911.910000000000,0.023740000000,1018.622310900000,42907.426743892165
1642222380,42904.160000000000,42920.110000000000,42904.160000000000,42920.110000000000,0.041554620000,1783.247544919200,42913.340199457966
1642222440,42912.170000000000,42912.170000000000,42912.150000000000,42912.150000000000,0.008150000000,349.734119100000,42912.161852760736
1642222500,42930.600000000000,42950.980000000000,42928.640000000000,42950.980000000000,1.520703870000,65288.150338094400,42932.849469301607
1642222560,42933.680000000000,42950.580000000000,42923.750000000000,42950.580000000000,0.137376280000,5897.022895579200,42926.063331888154
1642222620,42948.260000000000,42962.530000000000,42948.260000000000,42962.530000000000,0.005370000000,230.662551300000,42953.920167597765
1642222680,42941.660000000000,42978.810000000000,42941.660000000000,42960.990000000000,0.223112020000,9585.179095300600,42961.285076889179
1642222740,42969.020000000000,42969.020000000000,42928.080000000000,42928.080000000000,0.683023540000,29326.033170674600,42935.611224577414
1642222800,42930.400000000000,42940.300000000000,42917.380000000000,42939.290000000000,0.438045760000,18804.486353088400,42928.132332769070
1642222860,42922.240000000000,42922.240000000000,42919.890000000000,42919.890000000000,0.026010000000,1116.402386400000,42922.044844290657
1642222920,42922.240000000000,42930.900000000000,42922.240000000000,42930.900000000000,0.001470000000,63.100802200000,42925.715782312925
1642222980,42926.530000000000,42926.530000000000,42906.790000000000,42906.790000000000,0.029879550000,1282.356468661500,42917.529503004564
1642223040,42909.070000000000,42938.780000000000,42909.070000000000,42938.780000000000,0.166344000000,7139.169204683700,42918.104678760280
1642223160,42959.550000000000,42959.550000000000,42959.550000000000,42959.550000000000,0.001110000000,47.685100500000,42959.550000000000
1642223220,42943.590000000000,42943.590000000000,42943.590000000000,42943.590000000000,0.518260500000,22255.966425195000,42943.590000000000
1642223280,42964.140000000000,42966.770000000000,42964.140000000000,42966.770000000000,0.053483690000,2297.884058676600,42964.201959075748
1642223340,42967.000000000000,42967.000000000000,42963.110000000000,42963.110000000000,0.005930000000,254.780344900000,42964.645008431703
1642223400,42958.010000000000,42958.010000000000,42920.090000000000,42935.720000000000,0.033138320000,1423.090404948800,42943.951441980160
1642223460,42937.620000000000,42937.620000000000,42927.610000000000,42927.610000000000,0.014710000000,631.601979800000,42936.912290958532
1642223520,42923.300000000000,42923.300000000000,42907.020000000000,42923.300000000000,0.010240000000,439.412166400000,42911.344375000000
1642223580,42928.680000000000,42928.680000000000,42893.090000000000,42899.700000000000,0.127498340000,5470.560268761000,42906.913680295759
1642223640,42892.940000000000,42892.940000000000,42891.980000000000,42892.930000000000,0.022300000000,956.512075000000,42892.918161434978
1642223700,42907.700000000000,42928.130000000000,42907.700000000000,42925.410000000000,0.634968220000,27254.092691407400,42921.979136857275
1642223760,42933.010000000000,42937.210000000000,42933.010000000000,42937.210000000000,0.023040000000,989.264414400000,42936.823541666667
1642223880,42910.190000000000,42925.110000000000,42903.190000000000,42903.190000000000,0.226315820000,9709.873974265800,42904.088517832293
1642223940,42897.630000000000,42897.630000000000,42889.300000000000,42889.300000000000,0.032023030000,1373.639133318900,42895.351667812196
1642224000,42871.740000000000,42882.450000000000,42871.740000000000,42882.450000000000,0.001000000000,42.877095000000,42877.095000000000
1642224060,42897.480000000000,42902.270000000000,42895.620000000000,42902.270000000000,0.003800000000,163.014747400000,42898.617736842105
1642224120,42894.940000000000,42902.070000000000,42894.940000000000,42900.950000000000,0.018970000000,813.773071900000,42897.895197680548
1642224180,42901.060000000000,42941.110000000000,42901.060000000000,42941.110000000000,0.306284210000,13144.448676828500,42915.854776935775
1642224240,42941.800000000000,42941.800000000000,42928.890000000000,42928.890000000000,0.035578530000,1527.783029631700,42941.151015280845
1642224360,42963.520000000000,42964.620000000000,42963.520000000000,42964.050000000000,0.014060000000,604.068173900000,42963.597005689900
1642224420,42966.820000000000,42988.120000000000,42966.820000000000,42988.120000000000,0.324178010000,13930.410096234900,42971.483772865717
1642224480,42991.810000000000,43003.670000000000,42991.810000000000,43003.670000000000,0.218609990000,9399.530961115000,42996.804313997727
1642224540,42996.070000000000,42996.090000000000,42985.050000000000,42993.720000000000,0.045983600000,1976.991950966000,42993.413977287554
1642224600,42987.320000000000,42993.550000000000,42968.010000000000,42993.420000000000,0.614843690000,26420.558299309400,42971.179063916880
1642224660,42994.810000000000,43005.530000000000,42994.810000000000,43005.530000000000,0.011120000000,478.210090421600,43004.504534316547
1642224720,43003.990000000000,43008.320000000000,42997.720000000000,43008.320000000000,0.091488130000,3934.127624408400,43001.508768497072
1642224780,43016.940000000000,43016.940000000000,43016.940000000000,43016.940000000000,0.002020000000,86.894218800000,43016.940000000000
1642224840,43013.470000000000,43031.320000000000,43013.470000000000,43031.320000000000,0.048449930000,2084.010142057100,43013.687368735104
1642224900,43017.810000000000,43017.810000000000,42988.310000000000,43010.330000000000,0.236980860000,10191.096314123400,43003.879360229345
1642224960,43001.730000000000,43001.730000000000,42977.780000000000,42977.780000000000,0.253077240000,10880.549192996200,42992.997683221928
1642225020,42995.420000000000,42995.420000000000,42969.070000000000,42969.070000000000,0.291923630000,12545.769707835400,42976.204796560662
1642225080,42974.830000000000,42979.220000000000,42974.830000000000,42979.220000000000,0.009408000000,404.326551760000,42976.886879251701
1642225140,42975.780000000000,42990.500000000000,42975.780000000000,42989.960000000000,0.091287000000,3923.276334300000,42977.382697426796
1642225200,42985.000000000000,42999.080000000000,42985.000000000000,42999.080000000000,0.020794870000,894.072517350000,42994.859662503300
1642225260,42998.320000000000,42998.320000000000,42988.220000000000,42988.230000000000,0.002430000000,104.467951800000,42990.926666666667
1642225320,42989.590000000000,43001.570000000000,42980.920000000000,42995.570000000000,0.216540730000,9307.336990290600,42981.923032635015
1642225380,42995.570000000000,43000.430000000000,42982.290000000000,42993.920000000000,0.014620000000,628.594283600000,42995.505034199727
1642225440,42993.920000000000,42993.920000000000,42993.920000000000,42993.920000000000,0.019844160000,853.178227507200,42993.920000000000
1642225500,42982.890000000000,42993.120000000000,42971.080000000000,42993.120000000000,0.832087560000,35770.846277062700,42989.281412959353
1642225560,42998.240000000000,42998.240000000000,42998.240000000000,42998.240000000000,0.003100000000,133.294544000000,42998.240000000000
1642225620,42993.570000000000,43009.760000000000,42993.570000000000,43008.330000000000,0.117529120000,5053.069412220100,42994.190820284369
1642225680,43010.930000000000,43015.100000000000,43008.940000000000,43015.100000000000,0.008905280000,383.037426303200,43012.395601620611
1642225740,42988.810000000000,43015.410000000000,42988.810000000000,43015.410000000000,0.005522850000,237.522628708500,43007.256888834569
1642225800,43015.610000000000,43025.630000000000,43015.610000000000,43025.630000000000,0.002570000000,110.564847100000,43021.341284046693
1642225860,43000.000000000000,43011.730000000000,43000.000000000000,43011.730000000000,0.021403960000,920.570500754000,43009.354379002764
1642225920,43033.030000000000,43051.730000000000,43033.030000000000,43051.730000000000,0.306830000000,13204.981944900000,43036.801958413454
1642225980,43035.020000000000,43066.540000000000,43035.020000000000,43066.540000000000,0.152580920000,6567.248721291600,43041.087452425900
1642226040,43075.930000000000,43075.930000000000,43075.930000000000,43075.930000000000,0.003320000000,143.012087600000,43075.930000000000
1642226100,43076.580000000000,43076.580000000000,43076.580000000000,43076.580000000000,0.002550000000,109.845279000000,43076.580000000000
1642226160,43060.980000000000,43073.210000000000,43060.980000000000,43065.440000000000,0.126216690000,5435.085953256200,43061.547195194234
1642226220,43046.660000000000,43065.230000000000,43046.660000000000,43065.230000000000,0.009995620000,430.440358935500,43062.897442629872
1642226280,43025.370000000000,43039.160000000000,43021.470000000000,43021.470000000000,0.061152780000,2631.869483813000,43037.609799799779
1642226340,43021.500000000000,43032.350000000000,43009.470000000000,43009.470000000000,0.120482030000,5182.028482209500,43010.799886169747
1642226400,43015.030000000000,43026.570000000000,43015.030000000000,43026.570000000000,0.204838280000,8811.282885736800,43015.801957216200
1642226460,43031.550000000000,43039.150000000000,43012.790000000000,43034.810000000000,1.678356990000,72221.034958002200,43030.794633269410
1642226580,43026.980000000000,43029.210000000000,42993.220000000000,43006.900000000000,0.199425760000,8575.304116357600,42999.982130481037
1642226640,42992.490000000000,42992.490000000000,42965.750000000000,42982.590000000000,2.147500350000,92287.406081283200,42974.338086270021
1642226700,42967.300000000000,42982.550000000000,42965.500000000000,42982.510000000000,0.204731510000,8796.601749105000,42966.526008160640
1642226760,42962.980000000000,42966.320000000000,42953.240000000000,42960.720000000000,0.344104430000,14783.552447943800,42962.400826818184
1642226820,42939.860000000000,42946.010000000000,42914.290000000000,42936.750000000000,0.986201500000,42334.987653980700,42927.320282904355
1642226880,42925.700000000000,42925.720000000000,42925.700000000000,42925.720000000000,0.001690000000,72.544456800000,42925.714082840237
1642226940,42910.200000000000,42925.040000000000,42905.390000000000,42905.390000000000,0.320749430000,13764.084769053700,42912.265717989585
1642227000,42935.210000000000,42935.210000000000,42911.690000000000,42913.390000000000,0.407592210000,17490.831813836300,42912.576307177951
1642227060,42932.980000000000,42941.070000000000,42932.980000000000,42941.070000000000,0.202420000000,8690.501091800000,42933.015965813655
1642227120,42957.260000000000,42957.260000000000,42957.260000000000,42957.260000000000,0.002040000000,87.632810400000,42957.260000000000
1642227180,42962.820000000000,42971.020000000000,42949.350000000000,42949.350000000000,0.011240000000,482.856761000000,42958.786565836299
1642227240,42944.820000000000,42953.500000000000,42944.820000000000,42951.560000000000,0.013876000000,595.957416500000,42948.790465552032
1642227300,42951.560000000000,42951.720000000000,42932.680000000000,42941.300000000000,0.030930520000,1328.093845474600,42937.973415079992
1642227360,42936.960000000000,42944.900000000000,42929.210000000000,42942.460000000000,1.191228070000,51153.941226342000,42942.189253769012
1642227420,42959.570000000000,42981.020000000000,42959.570000000000,42981.020000000000,0.097486820000,4189.050335277400,42970.427543717192
1642227480,42982.220000000000,42997.650000000000,42982.220000000000,42997.650000000000,0.053446600000,2297.976516790000,42995.747471120707
1642227540,43002.290000000000,43044.850000000000,43002.290000000000,43044.850000000000,0.005555560000,239.087963832400,43035.799061192751
1642227600,43015.650000000000,43032.030000000000,43015.650000000000,43032.030000000000,0.010330000000,444.385109500000,43018.887657308809
1642227660,43034.030000000000,43041.930000000000,43019.380000000000,43019.380000000000,0.023680000000,1019.100929200000,43036.356807432432
1642227720,43011.420000000000,43018.130000000000,43011.420000000000,43018.120000000000,0.007200000000,309.715602600000,43016.055916666667
1642227780,43041.720000000000,43060.970000000000,43041.720000000000,43056.840000000000,0.363803030000,15663.438308817200,43054.721970889577
1642227840,43059.640000000000,43059.640000000000,43043.120000000000,43043.120000000000,0.019560000000,842.175163100000,43055.989933537832
1642227900,43042.690000000000,43046.140000000000,43042.690000000000,43046.040000000000,0.394058490000,16962.673809379600,43046.081330158881
1642227960,43055.420000000000,43055.420000000000,43040.120000000000,43040.120000000000,0.003036000000,130.685563320000,43045.310711462451
1642228080,43032.710000000000,43037.190000000000,43032.530000000000,43037.190000000000,0.017980000000,773.730554800000,43032.845094549499
1642228140,43026.130000000000,43026.130000000000,43012.390000000000,43016.930000000000,0.074462370000,3203.095042164300,43016.291882252740
1642228200,43016.850000000000,43024.600000000000,43000.520000000000,43011.260000000000,0.176772000000,7602.334217197400,43006.438899811056
1642228260,43013.230000000000,43013.230000000000,42967.810000000000,42975.020000000000,1.489932030000,64031.425292650000,42976.071393437993
1642228320,42971.110000000000,42971.110000000000,42959.810000000000,42964.750000000000,0.271524000000,11665.058043064800,42961.425299659698
1642228380,42959.980000000000,42988.520000000000,42952.830000000000,42988.520000000000,0.208175000000,8945.664021150000,42971.845904407349
1642228440,42987.440000000000,42990.920000000000,42976.820000000000,42990.920000000000,0.017926000000,770.541357840000,42984.567546580386
1642228500,42962.320000000000,42964.020000000000,42962.180000000000,42963.070000000000,0.060409500000,2595.389017940000,42963.259387016942
1642228560,42975.410000000000,42975.410000000000,42951.990000000000,42957.930000000000,0.011530000000,495.318614100000,42959.116574154380
1642228620,42958.080000000000,42958.080000000000,42950.190000000000,42950.920000000000,20.016112000000,859704.364052828600,42950.617185436842
1642228680,42960.320000000000,42970.340000000000,42960.320000000000,42970.340000000000,0.014850000000,638.065738800000,42967.389818181818
1642228740,42963.590000000000,42963.590000000000,42944.710000000000,42955.720000000000,12.501252700000,537016.307977417000,42956.999659515482
1642228800,42954.500000000000,42970.090000000000,42944.710000000000,42944.710000000000,2.338093770000,100408.897718724900,42944.769370274187
1642228860,42957.420000000000,42967.470000000000,42957.420000000000,42967.470000000000,0.006900000000,296.413132500000,42958.425000000000
1642228920,42967.470000000000,42978.190000000000,42959.190000000000,42978.190000000000,0.053281010000,2289.013553981900,42961.151712062140
1642228980,43002.290000000000,43013.220000000000,43002.290000000000,43013.220000000000,0.047603520000,2047.574606263600,43013.092440718670
1642229100,43020.730000000000,43022.730000000000,43018.580000000000,43022.730000000000,0.054588960000,2348.366517676800,43019.074143870849
1642229160,43027.340000000000,43027.720000000000,43021.180000000000,43027.720000000000,0.453223130000,19501.031983519000,43027.442097933087
1642229220,43024.670000000000,43042.880000000000,43021.400000000000,43042.880000000000,7.821656750000,336545.235016317700,43027.359263281107
1642229280,43029.160000000000,43044.990000000000,43029.160000000000,43044.990000000000,0.002930090000,126.103620447300,43037.456340010034
1642229340,43071.040000000000,43071.040000000000,43069.980000000000,43069.980000000000,0.024140000000,1039.712486600000,43070.111292460646
1642229400,43070.420000000000,43070.420000000000,43049.090000000000,43067.530000000000,0.046170000000,1987.906677510900,43056.241661487979
1642229460,43073.870000000000,43073.870000000000,43073.870000000000,43073.870000000000,0.000790000000,34.028357300000,43073.870000000000
1642229520,43070.040000000000,43070.040000000000,43069.450000000000,43069.450000000000,0.014790000000,637.003425400000,43069.873252197431
1642229580,43072.640000000000,43078.540000000000,43069.450000000000,43069.450000000000,0.700143200000,30159.859987664000,43076.702005623992
1642229640,43087.340000000000,43096.340000000000,43087.340000000000,43087.410000000000,0.408858730000,17617.896295153200,43090.424644114117
1642229700,43105.150000000000,43122.600000000000,43105.150000000000,43110.640000000000,1.330667410000,57368.386979372500,43112.491181678899
1642229760,43110.550000000000,43132.950000000000,43110.550000000000,43110.550000000000,0.493001440000,21258.940190983900,43121.456584353791
1642229820,43118.020000000000,43118.020000000000,43109.510000000000,43110.000000000000,0.547455280000,23601.002028988600,43110.374292104005
1642229880,43110.850000000000,43114.150000000000,43105.300000000000,43112.650000000000,0.718017240000,30955.143857419200,43111.978561154325
1642229940,43114.950000000000,43124.600000000000,43110.510000000000,43110.510000000000,0.404548790000,17443.832351120000,43119.230071408692
1642230000,43097.540000000000,43113.450000000000,43081.050000000000,43081.050000000000,1.709948310000,73679.123387425200,43088.509141791076
1642230060,43080.260000000000,43097.270000000000,43074.960000000000,43097.270000000000,0.833037230000,35899.789522453000,43095.060136091397
1642230120,43088.880000000000,43088.880000000000,43051.600000000000,43062.410000000000,0.331000910000,14255.219840910500,43067.011026980258
1642230180,43073.300000000000,43080.920000000000,43072.970000000000,43074.160000000000,0.030386000000,1308.838048160000,43073.719744619233
1642230240,43082.210000000000,43094.890000000000,43062.860000000000,43067.040000000000,0.081318250000,3503.272874702500,43081.016557814513
1642230300,43064.940000000000,43074.670000000000,43054.820000000000,43074.670000000000,0.022930000000,987.475119100000,43064.767514173572
1642230360,43069.870000000000,43069.870000000000,43069.870000000000,43069.870000000000,0.005100000000,219.656337000000,43069.870000000000
1642230420,43081.140000000000,43081.140000000000,43066.130000000000,43072.640000000000,0.006837290000,294.512372326100,43074.430414111439
1642230480,43076.940000000000,43076.940000000000,43076.940000000000,43076.940000000000,0.001920000000,82.707724800000,43076.940000000000
1642230540,43071.040000000000,43071.040000000000,43018.600000000000,43051.750000000000,2.980011140000,128255.877882204200,43038.724305642763
1642230600,43053.890000000000,43065.280000000000,43053.890000000000,43065.280000000000,0.111001130000,4780.087681805700,43063.414595920780
1642230660,43054.700000000000,43063.040000000000,43054.700000000000,43063.040000000000,0.009793000000,421.679276960000,43059.254259164710
1642230780,43056.900000000000,43056.900000000000,43054.650000000000,43054.650000000000,0.003160000000,136.057554000000,43056.187974683544
1642230840,43023.050000000000,43023.050000000000,43023.050000000000,43023.050000000000,0.003240000000,139.394682000000,43023.050000000000
1642230900,43019.840000000000,43019.840000000000,43014.060000000000,43014.060000000000,0.014363200000,617.893495488000,43019.208497270803
1642230960,43029.450000000000,43039.680000000000,43012.090000000000,43012.090000000000,0.562539240000,24199.807468855600,43018.878947636791
1642231020,43002.020000000000,43002.020000000000,42993.480000000000,42993.480000000000,0.558411530000,24012.279029959000,43001.044462600907
1642231080,43031.160000000000,43035.390000000000,43031.160000000000,43035.390000000000,0.022641620000,974.342041279200,43033.230010891447
1642231140,43053.890000000000,43063.040000000000,43053.890000000000,43061.260000000000,0.100160420000,4313.085650556800,43061.776803220274
1642231200,43085.770000000000,43087.360000000000,43085.770000000000,43087.360000000000,0.001560000000,67.214739300000,43086.371346153846
1642231260,43059.060000000000,43059.060000000000,43056.160000000000,43056.160000000000,0.365372340000,15732.118770365400,43057.771615567287
1642231320,43040.340000000000,43040.340000000000,43040.340000000000,43040.340000000000,0.000500000000,21.520170000000,43040.340000000000
1642231380,43020.290000000000,43020.290000000000,43020.270000000000,43020.270000000000,0.234171080000,10074.103707791600,43020.272647636933
1642231440,43032.720000000000,43037.330000000000,43032.390000000000,43032.390000000000,0.014840000000,638.649037600000,43035.649433962264
1642231500,43015.720000000000,43015.720000000000,43014.010000000000,43014.010000000000,0.011520000000,495.536152500000,43015.291015625000
1642231560,43017.630000000000,43017.630000000000,43017.630000000000,43017.630000000000,0.002600000000,111.845838000000,43017.630000000000
1642231620,43010.850000000000,43010.850000000000,42998.710000000000,43002.000000000000,0.105389860000,4532.735823805000,43009.221416604975
1642231680,42991.040000000000,42996.990000000000,42976.880000000000,42996.990000000000,0.082852900000,3561.160050852000,42981.718815539347
1642231740,43008.620000000000,43008.620000000000,43005.490000000000,43005.490000000000,0.011560000000,497.162870400000,43007.168719723183
1642231800,43012.590000000000,43021.930000000000,42993.370000000000,42993.370000000000,2.213732510000,95218.850508161300,43012.807589911258
1642231860,43004.390000000000,43004.390000000000,43004.390000000000,43004.390000000000,0.001710000000,73.537506900000,43004.390000000000
1642231920,42995.770000000000,43025.250000000000,42989.040000000000,43023.530000000000,0.284125110000,12216.043535862900,42995.297162798811
1642231980,43024.920000000000,43024.920000000000,43005.670000000000,43007.780000000000,0.014390000000,618.885063000000,43007.996038915914
1642232040,43016.520000000000,43016.520000000000,43016.520000000000,43016.520000000000,0.002220000000,95.496674400000,43016.520000000000
1642232100,43002.870000000000,43002.870000000000,43002.870000000000,43002.870000000000,0.097102170000,4175.671993227900,43002.870000000000
1642232160,43016.090000000000,43016.090000000000,43016.090000000000,43016.090000000000,0.002250000000,96.786202500000,43016.090000000000
1642232220,43020.830000000000,43024.440000000000,43020.830000000000,43024.440000000000,0.001410000000,60.661500200000,43022.340567375887
1642232280,43020.910000000000,43020.910000000000,43016.070000000000,43016.070000000000,0.006740490000,289.959602074300,43017.585082731374
1642232340,43030.930000000000,43030.930000000000,43030.930000000000,43030.930000000000,0.001250000000,53.788662500000,43030.930000000000
1642232400,43036.740000000000,43036.740000000000,43036.740000000000,43036.740000000000,0.001260000000,54.226292400000,43036.740000000000
1642232460,43036.730000000000,43036.730000000000,43007.470000000000,43020.800000000000,0.158816440000,6830.438797701200,43008.386270975473
1642232520,43008.140000000000,43008.140000000000,43005.370000000000,43005.370000000000,0.005322820000,228.914099786900,43006.169621910942
1642232640,43011.870000000000,43011.870000000000,42999.970000000000,42999.970000000000,0.063916480000,2748.435582273600,43000.421523112662
1642232700,43000.310000000000,43006.920000000000,42973.180000000000,42981.970000000000,0.718204710000,30872.445314075700,42985.579019769585
1642232760,42975.190000000000,42975.190000000000,42966.190000000000,42966.190000000000,0.006034000000,259.286250460000,42970.873460391117
1642232820,42966.190000000000,42977.160000000000,42965.230000000000,42969.420000000000,0.995023910000,42761.128005953200,42974.975351047796
1642232880,42975.710000000000,42987.170000000000,42975.710000000000,42987.170000000000,0.453332950000,19486.973906126000,42986.008200211346
1642232940,42994.960000000000,42994.960000000000,42994.960000000000,42994.960000000000,0.008066800000,346.831743328000,42994.960000000000
1642233000,42986.590000000000,42986.590000000000,42986.590000000000,42986.590000000000,0.000680000000,29.230881200000,42986.590000000000
1642233060,42993.220000000000,42993.220000000000,42974.600000000000,42989.160000000000,0.156350000000,6721.328377000000,42988.988660057563
1642233120,42991.530000000000,42991.530000000000,42974.080000000000,42974.080000000000,0.022221700000,955.091159201000,42980.112196681622
1642233180,42988.370000000000,43007.300000000000,42985.770000000000,43007.300000000000,0.317303760000,13640.017951825200,42987.255971455240
1642233240,43027.520000000000,43043.330000000000,43025.470000000000,43043.330000000000,0.236578050000,10179.097037233500,43026.379823629031
1642233300,43038.500000000000,43039.740000000000,43023.200000000000,43023.200000000000,0.018220000000,783.933210000000,43025.972008781559
1642233360,43022.460000000000,43022.460000000000,43022.460000000000,43022.460000000000,0.005190000000,223.286567400000,43022.460000000000
1642233420,43025.080000000000,43025.080000000000,43004.390000000000,43004.390000000000,0.218711060000,9406.468043028600,43008.652799856578
1642233480,43027.210000000000,43099.090000000000,43027.210000000000,43099.090000000000,2.524938570000,108810.719675303700,43094.402758204014
1642233540,43087.110000000000,43112.460000000000,43087.110000000000,43100.960000000000,0.140197210000,6042.949063327300,43103.204859264318
1642233600,43112.460000000000,43112.460000000000,43076.150000000000,43076.150000000000,0.616704230000,26566.221102186100,43077.734527921270
1642233660,43112.460000000000,43126.450000000000,43112.450000000000,43126.450000000000,0.024660000000,1063.440179600000,43124.094874290349
1642233720,43138.550000000000,43138.550000000000,43102.850000000000,43111.310000000000,0.846824880000,36504.066401447800,43106.983821079749
1642233780,43089.780000000000,43107.450000000000,43074.660000000000,43107.450000000000,0.190019890000,8187.351862786300,43086.815084390901
1642233840,43108.100000000000,43113.090000000000,43094.350000000000,43113.090000000000,0.022097940000,952.538250839000,43105.296278250370
1642233900,43076.040000000000,43076.040000000000,43036.970000000000,43049.310000000000,0.242468110000,10436.717339197100,43043.670110667750
1642234020,43056.300000000000,43064.840000000000,43056.300000000000,43064.840000000000,0.006760000000,291.090121000000,43060.668786982248
1642234080,43078.350000000000,43082.020000000000,43078.350000000000,43082.020000000000,0.002634000000,113.470786800000,43079.266059225513
1642234140,43105.550000000000,43105.550000000000,43103.990000000000,43103.990000000000,0.005473000000,235.908995270000,43104.146769596200
1642234200,43097.840000000000,43100.650000000000,43097.840000000000,43100.650000000000,0.010387000000,447.676504150000,43099.692322133436
1642234260,43105.850000000000,43105.850000000000,43091.900000000000,43091.900000000000,0.024943000000,1074.864418700000,43092.828396744578
1642234320,43120.200000000000,43130.730000000000,43118.250000000000,43130.730000000000,0.863183970000,37223.586586622700,43123.584172471020
1642234380,43124.550000000000,43138.830000000000,43109.920000000000,43136.200000000000,2.107406780000,90902.795911604900,43134.907211224261
1642234440,43139.620000000000,43139.620000000000,43113.250000000000,43113.250000000000,0.039150000000,1688.241259100000,43122.382097062580
1642234500,43125.510000000000,43125.510000000000,43125.510000000000,43125.510000000000,0.019680000000,848.710036800000,43125.510000000000
1642234560,43104.220000000000,43104.220000000000,43054.100000000000,43069.340000000000,0.417429960000,17975.663134204600,43062.704780951995
1642234620,43068.480000000000,43078.540000000000,43068.480000000000,43078.540000000000,0.034906000000,1503.548149640000,43074.203565003151
1642234680,43080.580000000000,43089.540000000000,43079.640000000000,43089.540000000000,0.768931000000,33128.320447045400,43083.606262519524
1642234740,43077.220000000000,43084.760000000000,43070.000000000000,43077.360000000000,0.405526190000,17470.596786204000,43081.303296845020
1642234800,43062.900000000000,43078.840000000000,43062.900000000000,43076.940000000000,0.039042070000,1681.557846403000,43070.407035359550
1642234860,43066.310000000000,43066.310000000000,43053.330000000000,43053.330000000000,0.247846290000,10671.039719609700,43055.071429996794
1642234920,43077.640000000000,43077.640000000000,43053.460000000000,43053.460000000000,0.041248000000,1775.980731700000,43056.165915923196
1642234980,43061.000000000000,43061.000000000000,43036.460000000000,43036.460000000000,0.040114650000,1726.784250199100,43046.225012535320
1642235040,43046.660000000000,43046.660000000000,43046.660000000000,43046.660000000000,0.017400000000,749.011884000000,43046.660000000000
1642235100,43052.730000000000,43052.730000000000,43049.780000000000,43049.780000000000,0.030718000000,1322.428695140000,43050.611860798229
1642235160,43049.710000000000,43052.370000000000,43020.630000000000,43050.570000000000,1.885500000000,81130.164000652500,43028.461416416069
1642235220,43052.100000000000,43052.100000000000,43043.230000000000,43043.230000000000,0.153280100000,6597.708771335000,43043.479038276984
1642235280,43058.300000000000,43058.300000000000,43038.920000000000,43038.920000000000,0.162588730000,6998.613241808900,43044.885348504167
1642235340,43038.920000000000,43067.380000000000,43038.920000000000,43054.120000000000,0.178425860000,7680.760208798200,43047.348679155589
1642235400,43048.800000000000,43048.800000000000,43048.800000000000,43048.800000000000,0.021452190000,923.491036872000,43048.800000000000
1642235460,43063.350000000000,43079.610000000000,43063.350000000000,43079.610000000000,0.057987160000,2497.228401125400,43065.195831722057
1642235520,43074.250000000000,43074.250000000000,43059.100000000000,43059.100000000000,0.075788850000,3264.153972112500,43069.052665563602
1642235580,43059.100000000000,43069.940000000000,43059.100000000000,43069.840000000000,0.479751520000,20662.477097699900,43069.122736077834
1642235640,43059.100000000000,43059.100000000000,43051.590000000000,43051.590000000000,0.007832620000,337.212793795300,43052.362274092194
1642235700,43051.040000000000,43051.040000000000,43046.560000000000,43046.560000000000,0.025170420000,1083.516660355200,43047.222110524973
1642235760,43046.560000000000,43046.620000000000,43032.570000000000,43032.570000000000,0.085956790000,3699.165517151400,43035.175198508460
1642235820,43060.320000000000,43060.320000000000,43037.850000000000,43046.120000000000,0.110181330000,4743.373738815000,43050.612465968600
1642235880,43038.700000000000,43046.860000000000,43038.700000000000,43046.860000000000,0.072914280000,3138.310881237600,43041.100882263392
1642235940,43042.450000000000,43044.160000000000,43042.450000000000,43044.160000000000,0.008000000000,344.345385938900,43043.173242362500
1642236000,43032.700000000000,43048.300000000000,43032.650000000000,43046.920000000000,0.058517860000,2518.487028379000,43037.920873712743
1642236060,43052.490000000000,43052.490000000000,43048.560000000000,43048.560000000000,0.162000000000,6974.185050000000,43050.525000000000
1642236120,43055.370000000000,43062.730000000000,43042.770000000000,43043.120000000000,0.190277610000,8190.489658688400,43044.947110111379
1642236180,43042.840000000000,43054.570000000000,43042.740000000000,43054.570000000000,0.114430000000,4925.424315100000,43043.120817093420
1642236240,43041.340000000000,43054.900000000000,43041.340000000000,43054.900000000000,0.026877130000,1157.171436554200,43054.129535192188
1642236300,43060.790000000000,43060.790000000000,43054.570000000000,43057.820000000000,0.009790000000,421.546317100000,43058.867936670072
1642236360,43062.770000000000,43089.510000000000,43062.770000000000,43089.510000000000,0.070859800000,3051.893701488000,43069.465359597402
1642236420,43112.310000000000,43116.110000000000,43096.920000000000,43096.920000000000,0.064980000000,2801.422613073800,43112.074685654048
1642236480,43083.110000000000,43083.110000000000,43076.060000000000,43076.060000000000,0.320872850000,13823.177594976200,43079.922763724634
1642236540,43066.080000000000,43066.080000000000,43050.070000000000,43050.070000000000,0.790509440000,34044.018167795200,43065.922359883773
1642236600,43040.390000000000,43040.390000000000,43027.260000000000,43036.360000000000,0.055319730000,2380.918950078200,43039.236635431880
1642236660,43037.430000000000,43044.460000000000,43037.200000000000,43044.460000000000,0.003410000000,146.770065800000,43041.075014662756
1642236720,43036.690000000000,43042.270000000000,43018.380000000000,43042.270000000000,0.008635540000,371.630621525200,43035.018253079715
1642236780,43041.680000000000,43041.680000000000,43041.680000000000,43041.680000000000,0.000560000000,24.103340800000,43041.680000000000
1642236840,43035.050000000000,43040.130000000000,43035.050000000000,43040.130000000000,0.010050000000,432.516222500000,43036.440049751244
1642236900,43018.380000000000,43026.360000000000,43014.370000000000,43026.360000000000,0.438306140000,18853.815773777800,43015.176045167426
1642236960,43015.270000000000,43015.270000000000,42994.170000000000,43005.100000000000,1.759785020000,75689.728628562400,43010.781299048903
1642237020,42977.180000000000,43014.390000000000,42977.180000000000,43002.060000000000,0.488545300000,20998.595664447600,42981.880420193583
1642237080,43010.580000000000,43015.630000000000,43002.060000000000,43015.630000000000,0.075400000000,3242.848279750500,43008.597874675066
1642237140,43032.910000000000,43041.680000000000,43006.960000000000,43006.960000000000,0.079991620000,3441.870192891400,43027.884582052470
1642237200,42992.020000000000,43001.470000000000,42992.020000000000,43001.470000000000,0.003600000000,154.800567000000,43000.157500000000
1642237260,43003.530000000000,43003.530000000000,43003.530000000000,43003.530000000000,0.000500000000,21.501765000000,43003.530000000000
1642237320,43041.680000000000,43048.540000000000,43041.680000000000,43048.540000000000,0.004720000000,203.166939900000,43043.843199152542
1642237380,43030.660000000000,43048.740000000000,43030.660000000000,43041.530000000000,0.026920250000,1158.622271932500,43039.060630287609
1642237440,43043.940000000000,43051.040000000000,43031.930000000000,43031.930000000000,1.009823570000,43470.421396003000,43047.540864987930
1642237500,43034.730000000000,43042.830000000000,43034.730000000000,43042.830000000000,0.013415810000,577.369408302300,43036.492638334920
1642237560,43039.470000000000,43043.330000000000,43039.470000000000,43043.330000000000,0.036598050000,1575.180519033500,43040.012214680837
1642237620,43028.170000000000,43056.550000000000,43028.170000000000,43056.550000000000,0.073980000000,3183.251829000000,43028.545944849959
1642237680,43047.490000000000,43047.490000000000,43022.090000000000,43022.730000000000,0.146380000000,6300.765417400000,43043.895459762262
1642237740,43000.760000000000,43015.710000000000,43000.760000000000,43015.710000000000,0.008880000000,381.942129800000,43011.501103603604
1642237800,43010.710000000000,43016.930000000000,42993.080000000000,43016.930000000000,0.059010040000,2537.598344323200,43002.823660570303
1642237860,43012.650000000000,43017.870000000000,43012.650000000000,43017.870000000000,0.006140000000,264.100750800000,43013.151596091205
1642237920,42995.270000000000,43017.870000000000,42995.270000000000,43017.870000000000,0.052130000000,2241.391563100000,42996.193422213697
1642237980,43017.870000000000,43017.870000000000,43017.870000000000,43017.870000000000,0.000560000000,24.090007200000,43017.870000000000
1642238040,43002.170000000000,43002.170000000000,43002.170000000000,43002.170000000000,0.004709530000,202.520009680100,43002.170000000000
1642238100,43002.170000000000,43019.420000000000,43002.170000000000,43019.420000000000,0.129488520000,5569.709331209700,43013.151522696375
1642238160,43025.670000000000,43048.230000000000,43025.670000000000,43027.600000000000,0.023420900000,1007.918378661000,43034.997743938106
1642238220,43024.720000000000,43024.720000000000,43013.870000000000,43013.870000000000,0.001350440000,58.093726602800,43018.369274310595
1642238280,43005.370000000000,43019.270000000000,42995.770000000000,43019.270000000000,0.090046440000,3872.932510625300,43010.390090105727
1642238340,43023.940000000000,43037.920000000000,43022.640000000000,43022.640000000000,0.010590550000,455.683009991000,43027.322470598788
1642238400,43025.310000000000,43025.310000000000,43025.310000000000,43025.310000000000,0.005754000000,247.567633740000,43025.310000000000
1642238460,43015.160000000000,43021.560000000000,43015.160000000000,43020.470000000000,0.028260000000,1215.759040100000,43020.489741684359
1642238520,43024.130000000000,43024.130000000000,42962.080000000000,42975.770000000000,0.580199150000,24933.071751932000,42973.299343737405
1642238640,42965.380000000000,42974.090000000000,42965.380000000000,42974.090000000000,0.016129560000,693.102736032800,42970.963624103819
1642238700,42971.440000000000,42988.250000000000,42971.440000000000,42972.820000000000,0.009123880000,392.134701708200,42978.941164088086
1642238760,42972.430000000000,42972.430000000000,42961.750000000000,42961.750000000000,0.011590000000,497.932983700000,42962.293675582399
1642238820,42941.360000000000,42955.870000000000,42925.430000000000,42950.780000000000,2.280070720000,97897.436171925300,42936.140231617597
1642238880,42946.660000000000,42946.660000000000,42930.330000000000,42930.330000000000,0.093171670000,3999.905726651100,42930.492999117650
1642238940,42937.330000000000,42960.200000000000,42937.330000000000,42960.200000000000,0.410572010000,17628.974952799800,42937.595655387711
1642239000,42934.670000000000,42939.770000000000,42934.670000000000,42939.770000000000,0.002749300000,118.043144231000,42935.708809878878
1642239060,42951.580000000000,42951.580000000000,42945.360000000000,42945.360000000000,0.050630800000,2174.666387864000,42951.452235872236
1642239120,42965.280000000000,42988.190000000000,42965.280000000000,42988.190000000000,0.018182000000,781.550055060000,42984.823180068199
1642239180,42968.180000000000,42968.180000000000,42960.040000000000,42960.040000000000,0.035892560000,1542.069018740800,42963.472617745850
1642239240,42973.920000000000,42981.090000000000,42973.920000000000,42981.090000000000,0.806940020000,34679.601414665600,42976.678012159565
1642239300,42988.440000000000,42988.440000000000,42968.790000000000,42980.750000000000,0.103413850000,4444.267823116500,42975.557172627264
1642239360,42960.070000000000,42960.080000000000,42960.040000000000,42960.080000000000,0.174478880000,7495.624103532800,42960.065444785065
1642239420,42951.770000000000,42956.250000000000,42951.770000000000,42956.250000000000,0.008720170000,374.570609090500,42954.507663325371
1642239480,42960.750000000000,42960.750000000000,42929.930000000000,42946.660000000000,0.042279510000,1815.698699330800,42945.121628202408
1642239540,42946.660000000000,42946.660000000000,42946.660000000000,42946.660000000000,0.009310000000,399.833404600000,42946.660000000000
1642239600,42930.030000000000,42930.030000000000,42927.900000000000,42927.900000000000,0.023140000000,993.387816000000,42929.464822817632
1642239660,42927.910000000000,42927.910000000000,42900.180000000000,42900.180000000000,2.226170940000,95509.418134744500,42903.002828140637
1642239720,42925.340000000000,42925.340000000000,42910.690000000000,42925.310000000000,0.301349980000,12931.523878406200,42911.978552001895
1642239780,42909.450000000000,42909.450000000000,42907.190000000000,42907.190000000000,0.297661560000,12771.904545920400,42907.470302582571
1642239840,42921.140000000000,42921.190000000000,42921.140000000000,42921.190000000000,0.271992620000,11674.234234486800,42921.143354870437
1642239900,42935.330000000000,42948.860000000000,42935.330000000000,42948.860000000000,0.982650800000,42190.710072496600,42935.608532040680
1642239960,42957.620000000000,42957.620000000000,42938.180000000000,42956.720000000000,0.438765800000,18839.933580897800,42938.473283236296
1642240020,42956.380000000000,42956.380000000000,42940.290000000000,42944.680000000000,0.384767040000,16522.049800090100,42940.397909576923
1642240080,42938.360000000000,42943.310000000000,42934.490000000000,42943.310000000000,0.412106350000,17695.295922439400,42938.663581474539
1642240140,42942.010000000000,42950.730000000000,42942.010000000000,42949.820000000000,0.316419440000,13589.280527518800,42947.046892943114
1642240200,42958.020000000000,42980.730000000000,42958.020000000000,42980.730000000000,1.040664560000,44716.940010871200,42969.600128278799
1642240260,42965.000000000000,42969.850000000000,42965.000000000000,42965.000000000000,0.398897190000,17138.622230350000,42965.011185839640
1642240320,42963.630000000000,42969.930000000000,42963.630000000000,42969.930000000000,0.049922010000,2144.848091496300,42963.977041315043
1642240380,42969.930000000000,42969.930000000000,42964.370000000000,42964.370000000000,0.703834220000,30243.425575079400,42969.529920098798
1642240440,42969.170000000000,42992.670000000000,42969.170000000000,42992.670000000000,1.055143510000,45339.928684610300,42970.390524991524
1642240500,43026.650000000000,43042.910000000000,43026.650000000000,43042.910000000000,0.004580000000,197.119780000000,43039.253275109170
1642240560,43040.510000000000,43056.940000000000,43040.510000000000,43056.190000000000,0.215920090000,9296.524069271100,43055.391785317892
1642240620,43091.370000000000,43099.120000000000,43068.790000000000,43068.790000000000,0.033078500000,1425.381929223600,43090.887713275995
1642240680,43061.720000000000,43069.510000000000,43061.720000000000,43069.510000000000,0.063091670000,2717.126045290600,43066.319932418971
1642240740,43085.600000000000,43096.430000000000,43085.600000000000,43096.430000000000,0.005817390000,250.659490734600,43087.963972606272
1642240800,43099.610000000000,43099.610000000000,43030.100000000000,43030.100000000000,2.002679300000,86188.217733370700,43036.455079637913
1642240860,43053.440000000000,43069.210000000000,43052.080000000000,43069.210000000000,0.123700000000,5326.145712000000,43056.958059822150
1642240920,43062.080000000000,43069.070000000000,43062.080000000000,43064.640000000000,0.019480000000,838.881839800000,43063.749476386037
1642240980,43067.330000000000,43072.100000000000,43051.170000000000,43064.390000000000,0.042000000000,1808.675812300000,43063.709816666666
1642241040,43064.390000000000,43070.370000000000,43064.390000000000,43070.370000000000,1.064202830000,45835.569782135000,43070.332543783031
1642241100,43062.450000000000,43083.870000000000,43062.450000000000,43079.410000000000,0.106079140000,4569.059148516800,43072.173742328605
1642241160,43103.920000000000,43108.470000000000,43103.920000000000,43108.470000000000,0.055100000000,2375.176051000000,43106.643393829401
1642241220,43088.350000000000,43126.000000000000,43088.350000000000,43126.000000000000,0.056909370000,2452.269512339500,43090.786496836988
1642241280,43118.190000000000,43166.130000000000,43118.190000000000,43161.110000000000,2.875008740000,124052.287185649900,43148.490458380276
1642241340,43140.210000000000,43228.000000000000,43131.820000000000,43200.970000000000,1.476309100000,63724.089450213900,43164.462950349557
1642241400,43172.160000000000,43199.970000000000,43168.160000000000,43199.970000000000,0.129519070000,5591.541652118200,43171.570426796610
1642241460,43200.870000000000,43200.870000000000,43178.730000000000,43178.730000000000,0.228721360000,9877.504670819200,43185.755238685185
1642241520,43213.860000000000,43215.670000000000,43202.370000000000,43215.670000000000,0.006570000000,283.905798800000,43212.450350076103
1642241580,43226.350000000000,43232.770000000000,43226.350000000000,43232.770000000000,0.014100000000,609.562283400000,43231.367617021277
1642241640,43202.520000000000,43224.720000000000,43202.520000000000,43224.720000000000,0.053586240000,2316.094819852800,43221.820001791505
1642241700,43239.000000000000,43254.080000000000,43239.000000000000,43254.080000000000,0.002501220000,108.177938527200,43250.069377024012
1642241760,43260.910000000000,43312.830000000000,43260.910000000000,43273.310000000000,6.518103580000,282127.685042399200,43283.706921760701
1642241820,43287.510000000000,43287.510000000000,43276.740000000000,43276.750000000000,0.064270790000,2781.473403932500,43277.411152601361
1642241880,43287.220000000000,43287.220000000000,43259.520000000000,43277.580000000000,0.026087620000,1129.003199008800,43277.355274601516
1642241940,43242.870000000000,43255.840000000000,43242.870000000000,43255.840000000000,3.154160000000,136394.984794400000,43242.887106044082
1642242000,43250.570000000000,43255.740000000000,43208.450000000000,43208.450000000000,0.719108280000,31102.707853643000,43251.772672737130
1642242060,43186.500000000000,43186.500000000000,43165.450000000000,43183.350000000000,0.133500000000,5764.068277600000,43176.541405243446
1642242120,43172.140000000000,43172.140000000000,43166.380000000000,43167.050000000000,0.009640000000,416.161761200000,43170.307178423236
1642242180,43185.820000000000,43185.820000000000,43185.820000000000,43185.820000000000,0.001500000000,64.778730000000,43185.820000000000
1642242240,43190.730000000000,43190.730000000000,43190.730000000000,43190.730000000000,0.020950000000,904.845793500000,43190.730000000000
1642242300,43206.070000000000,43252.580000000000,43206.070000000000,43252.580000000000,0.550078390000,23788.714943377600,43246.045247073967
1642242360,43255.280000000000,43255.280000000000,43255.270000000000,43255.270000000000,0.003550000000,153.556214300000,43255.271633802817
1642242420,43260.880000000000,43269.490000000000,43255.270000000000,43255.270000000000,0.010620000000,459.375743385300,43255.719716129944
1642242480,43282.180000000000,43290.990000000000,43260.220000000000,43260.220000000000,0.405496580000,17550.102662270700,43280.519560166697
1642242540,43260.460000000000,43260.460000000000,43230.320000000000,43230.320000000000,0.023080000000,998.436346800000,43259.807053726170
1642242600,43201.930000000000,43201.930000000000,43198.250000000000,43201.270000000000,0.187286630000,8091.137125397500,43201.893938705075
1642242660,43200.000000000000,43222.670000000000,43192.730000000000,43212.550000000000,0.257981470000,11147.342574751900,43209.857571367044
1642242720,43211.370000000000,43213.260000000000,43166.950000000000,43181.920000000000,0.206583310000,8921.855596255700,43187.688280605533
1642242780,43207.290000000000,43210.470000000000,43203.670000000000,43203.670000000000,0.102452010000,4426.723136076300,43207.772459284108
1642242840,43198.070000000000,43207.670000000000,43198.070000000000,43207.670000000000,0.047551040000,2054.349343024800,43203.037052918296
1642242900,43198.280000000000,43205.280000000000,43194.640000000000,43194.640000000000,0.952248510000,41139.827847118300,43202.827219040017
1642242960,43188.030000000000,43201.220000000000,43188.030000000000,43200.870000000000,0.064652630000,2792.427533818900,43191.244251299599
1642243080,43200.670000000000,43200.870000000000,43200.670000000000,43200.870000000000,0.130000000000,5616.096900000000,43200.745384615385
1642243140,43205.350000000000,43205.350000000000,43204.700000000000,43204.700000000000,0.019118740000,826.026589078000,43205.074658581057
1642243200,43200.750000000000,43200.750000000000,43175.790000000000,43191.640000000000,0.015279900000,659.874237610000,43185.769383961937
1642243260,43175.770000000000,43175.770000000000,43175.180000000000,43175.180000000000,0.014960000000,645.908321500000,43175.689939839572
1642243320,43178.070000000000,43188.060000000000,43173.840000000000,43188.060000000000,0.021760920000,939.572379053600,43177.052213490974
1642243380,43188.660000000000,43188.660000000000,43138.270000000000,43145.940000000000,0.472928030000,20410.755958601300,43158.270738575804
1642243440,43146.620000000000,43170.330000000000,43138.740000000000,43159.210000000000,0.276126360000,11914.994616397800,43150.514917872382
1642243500,43157.540000000000,43172.630000000000,43155.710000000000,43170.510000000000,0.152581500000,6586.433762466200,43166.660194494090
1642243560,43174.760000000000,43186.360000000000,43168.380000000000,43186.360000000000,0.058734610000,2535.875824555600,43175.153875297717
1642243620,43176.910000000000,43201.200000000000,43176.910000000000,43201.200000000000,0.021700000000,937.239601200000,43190.765032258064
1642243680,43194.320000000000,43194.320000000000,43185.750000000000,43185.750000000000,0.003696510000,159.654982232500,43190.734566523559
1642243740,43167.380000000000,43167.380000000000,43167.380000000000,43167.380000000000,0.006886120000,297.255758765600,43167.380000000000
1642243800,43163.860000000000,43163.860000000000,43151.360000000000,43151.360000000000,0.448563100000,19356.694088428000,43152.667012574151
1642243860,43154.920000000000,43154.920000000000,43150.210000000000,43152.250000000000,0.016390000000,707.253765700000,43151.541531421599
1642243920,43152.100000000000,43152.100000000000,43152.100000000000,43152.100000000000,0.078690000000,3395.638749000000,43152.100000000000
1642243980,43156.360000000000,43160.400000000000,43139.840000000000,43139.840000000000,0.426033240000,18379.715443822800,43141.505681159527
1642244040,43140.000000000000,43156.470000000000,43140.000000000000,43156.470000000000,0.027030000000,1166.107634100000,43141.236925638180
1642244100,43163.660000000000,43176.100000000000,43163.660000000000,43169.990000000000,0.120380570000,5196.431561710400,43166.696766017971
1642244160,43157.420000000000,43157.420000000000,43155.540000000000,43155.540000000000,0.178049240000,7683.963378789600,43156.395269025580
1642244220,43148.200000000000,43171.380000000000,43148.200000000000,43155.540000000000,0.588810190000,25412.396355799000,43158.893625463581
1642244280,43171.180000000000,43171.180000000000,43153.740000000000,43153.740000000000,0.368991840000,15923.675294408800,43154.545895672923
1642244340,43158.010000000000,43158.010000000000,43125.800000000000,43137.250000000000,0.225051470000,9706.224064062200,43128.907640826341
1642244400,43137.240000000000,43137.240000000000,43112.320000000000,43125.240000000000,0.060020000000,2588.165204800000,43121.712842385871
1642244460,43117.190000000000,43122.130000000000,43092.280000000000,43108.650000000000,0.590231510000,25439.393107438900,43100.703158729868
1642244520,43102.220000000000,43108.670000000000,43090.340000000000,43090.340000000000,0.069580000000,2998.548312700000,43094.974313020983
1642244580,43093.690000000000,43099.520000000000,43088.620000000000,43088.620000000000,0.008904090000,383.692939392100,43091.763379761435
1642244640,43089.010000000000,43091.820000000000,43070.370000000000,43070.370000000000,0.034839330000,1500.771776952100,43076.941403640656
1642244700,43090.940000000000,43090.940000000000,43070.370000000000,43084.100000000000,0.085803230000,3696.728161415100,43083.787887881377
1642244760,43078.970000000000,43090.910000000000,43064.760000000000,43064.760000000000,1.958971420000,84404.097182731700,43085.925767478374
1642244820,43077.710000000000,43077.710000000000,43077.640000000000,43077.640000000000,0.023654000000,1018.960015840000,43077.704229305826
1642244880,43055.260000000000,43063.650000000000,43049.960000000000,43063.260000000000,0.663230100000,28554.205255195000,43053.240881550763
1642244940,43065.830000000000,43065.830000000000,43065.830000000000,43065.830000000000,0.030873000000,1329.571369590000,43065.830000000000
1642245000,43066.150000000000,43069.260000000000,43066.150000000000,43069.260000000000,0.042836000000,1844.813572200000,43066.896353534410
1642245060,43070.940000000000,43070.940000000000,43056.080000000000,43057.260000000000,0.065211180000,2807.988685354200,43059.927536262954
1642245120,43068.560000000000,43078.760000000000,43054.920000000000,43078.760000000000,0.437643480000,18844.437425998800,43058.878487116499
1642245180,43081.880000000000,43081.880000000000,43081.880000000000,43081.880000000000,0.000560000000,24.125852800000,43081.880000000000
1642245240,43113.430000000000,43113.430000000000,43101.080000000000,43101.080000000000,0.064464710000,2778.540209787500,43101.725111111180
1642245300,43104.480000000000,43108.950000000000,43104.480000000000,43108.950000000000,0.004150000000,178.893113100000,43106.774240963855
1642245360,43113.450000000000,43125.150000000000,43081.350000000000,43092.550000000000,0.219980000000,9477.982861500000,43085.657157468861
1642245420,43111.100000000000,43111.100000000000,43111.100000000000,43111.100000000000,0.000560000000,24.142216000000,43111.100000000000
1642245480,43106.260000000000,43112.410000000000,43106.260000000000,43112.410000000000,0.012180000000,525.071420800000,43109.312052545156
1642245540,43126.350000000000,43128.820000000000,43111.460000000000,43111.460000000000,0.060900000000,2625.675754800000,43114.544413793103
1642245600,43119.870000000000,43124.190000000000,43119.870000000000,43121.530000000000,0.003420000000,147.475226600000,43121.411286549708
1642245660,43104.560000000000,43119.740000000000,43095.050000000000,43095.050000000000,0.841026130000,36249.298725429800,43101.275254586680
1642245720,43099.050000000000,43099.050000000000,43082.350000000000,43082.350000000000,0.570687290000,24587.872863211500,43084.668774052249
1642245780,43072.860000000000,43087.230000000000,43057.130000000000,43057.130000000000,0.712171080000,30671.758082853100,43067.963505135732
1642245840,43067.190000000000,43072.570000000000,43055.860000000000,43055.860000000000,0.310676680000,13378.033725372200,43060.952387453735
1642245900,43079.690000000000,43086.720000000000,43063.960000000000,43086.720000000000,0.370157920000,15943.152246278000,43071.217404393238
1642245960,43089.720000000000,43089.720000000000,43046.610000000000,43074.250000000000,0.581348700000,25030.968904936200,43056.721215573717
1642246020,43057.560000000000,43075.440000000000,43057.560000000000,43075.440000000000,0.224019350000,9646.026085586000,43058.896856838483
1642246080,43081.990000000000,43095.650000000000,43081.030000000000,43095.650000000000,0.003810000000,164.171213300000,43089.557296587926
1642246140,43093.850000000000,43105.680000000000,43089.850000000000,43105.680000000000,0.054659520000,2355.327460472000,43090.891769119085
1642246200,43100.880000000000,43100.880000000000,43064.830000000000,43067.230000000000,5.677855920000,244557.391979641500,43072.137691659055
1642246260,43059.940000000000,43071.540000000000,43059.940000000000,43071.540000000000,0.022867570000,984.863301945800,43068.122321077404
1642246320,43072.870000000000,43072.870000000000,43054.860000000000,43054.860000000000,0.024068910000,1036.620341002600,43068.852764940331
1642246380,43072.870000000000,43072.870000000000,43072.870000000000,43072.870000000000,0.000590000000,25.412993300000,43072.870000000000
1642246440,43055.360000000000,43056.020000000000,43039.260000000000,43056.020000000000,0.223915190000,9640.480037472000,43054.158306419498
1642246500,43054.430000000000,43068.480000000000,43054.430000000000,43068.480000000000,0.136640000000,5883.727506700000,43060.066647394614
1642246560,43064.860000000000,43070.040000000000,43042.560000000000,43066.320000000000,1.152434840000,49628.307164573400,43063.872630380907
1642246620,43068.650000000000,43068.650000000000,43066.510000000000,43067.230000000000,0.852920000000,36732.935935400000,43067.270008207100
1642246680,43062.750000000000,43067.230000000000,43062.750000000000,43067.230000000000,0.009460000000,407.404975000000,43066.065010570825
1642246740,43072.940000000000,43078.180000000000,43072.940000000000,43078.180000000000,0.018560000000,799.487790800000,43075.850797413793
1642246800,43077.600000000000,43077.600000000000,43053.660000000000,43059.340000000000,0.227696000000,9806.396860570400,43067.936461643595
1642246860,43063.010000000000,43063.010000000000,43045.410000000000,43053.560000000000,0.108023910000,4650.855019027100,43053.940734297620
1642246920,43064.970000000000,43067.330000000000,43049.800000000000,43067.330000000000,0.013880000000,597.727696200000,43063.955057636888
1642246980,43062.970000000000,43062.970000000000,43061.180000000000,43061.180000000000,0.054306290000,2338.502800529000,43061.361778331755
1642247040,43079.540000000000,43082.510000000000,43079.540000000000,43082.510000000000,0.006560000000,282.605940400000,43080.173841463415
1642247100,43086.740000000000,43103.850000000000,43086.740000000000,43099.370000000000,0.018714680000,806.549952381600,43097.181056881550
1642247220,43125.050000000000,43125.050000000000,43107.950000000000,43107.950000000000,0.006606270000,284.856406056100,43119.098380190334
1642247280,43109.360000000000,43109.430000000000,43109.360000000000,43109.430000000000,0.026620000000,1147.571224100000,43109.362287753569
1642247340,43076.880000000000,43088.640000000000,43073.850000000000,43083.530000000000,0.083652250000,3603.841890942500,43081.230820958193
1642247400,43066.160000000000,43082.940000000000,43066.160000000000,43078.440000000000,0.024839570000,1069.933700751200,43073.760968937868
1642247460,43064.960000000000,43073.010000000000,43056.760000000000,43065.700000000000,0.871875280000,37551.461529963700,43069.762833468222
1642247520,43070.380000000000,43070.870000000000,43070.380000000000,43070.870000000000,0.026463180000,1139.781002208400,43070.447399307264
1642247580,43052.170000000000,43052.170000000000,43017.950000000000,43017.950000000000,0.621926540000,26764.044306961400,43034.092590680244
1642247640,43017.250000000000,43017.250000000000,42993.490000000000,42993.490000000000,0.005091220000,218.987541400000,43012.783065748484
1642247700,42989.000000000000,43022.110000000000,42989.000000000000,43014.680000000000,0.013342890000,573.675404110000,42994.838757570512
1642247760,43017.270000000000,43024.020000000000,43017.270000000000,43021.510000000000,0.107180000000,4611.146517500000,43022.453046277291
1642247820,43017.790000000000,43031.990000000000,43017.790000000000,43017.790000000000,0.123001510000,5291.330800862900,43018.421488182543
1642247880,43031.990000000000,43042.740000000000,43031.990000000000,43042.740000000000,0.510120310000,21954.443790049700,43037.776304279475
1642247940,43055.040000000000,43055.040000000000,43055.040000000000,43055.040000000000,0.001100000000,47.360544000000,43055.040000000000
1642248000,43038.180000000000,43060.500000000000,43038.180000000000,43060.500000000000,0.614579810000,26450.472012745800,43038.302889816378
1642248060,43063.440000000000,43064.960000000000,43043.420000000000,43043.420000000000,0.022439300000,966.127794106000,43055.166342354708
1642248120,43042.320000000000,43044.160000000000,43042.320000000000,43043.610000000000,0.239297300000,10300.238085573000,43043.687018503761
1642248180,43040.390000000000,43040.390000000000,43008.080000000000,43019.730000000000,0.526861900000,22665.286338030200,43019.406675696610
1642248240,43012.180000000000,43012.180000000000,42975.810000000000,42975.810000000000,2.407718460000,103514.863533371000,42992.926811455771
1642248300,43009.500000000000,43009.500000000000,43006.300000000000,43006.300000000000,0.002845880000,122.392561044000,43006.929682207261
1642248360,43006.070000000000,43022.380000000000,43006.070000000000,43022.380000000000,1.892319440000,81405.212995079300,43018.747931416537
1642248420,43017.640000000000,43022.240000000000,43017.640000000000,43022.240000000000,0.017630000000,758.433239200000,43019.469041406693
1642248480,43020.770000000000,43022.040000000000,42950.000000000000,42980.870000000000,2.633849300000,113198.802582279500,42978.465997382425
1642248540,42971.270000000000,42979.440000000000,42971.270000000000,42979.440000000000,0.007020000000,301.686544600000,42975.291253561253
1642248600,42975.120000000000,43005.980000000000,42975.120000000000,43005.980000000000,0.868712410000,37345.941750203900,42989.994525580566
1642248660,43005.980000000000,43023.810000000000,43005.980000000000,43005.980000000000,0.990748130000,42615.081906261400,43013.032894910839
1642248720,43015.220000000000,43015.220000000000,43003.070000000000,43015.220000000000,0.132836380000,5712.561035786600,43004.491960610490
1642248780,43003.070000000000,43018.670000000000,43003.070000000000,43018.670000000000,0.012758410000,548.677006318700,43005.124174462179
1642248840,43018.670000000000,43024.250000000000,43018.670000000000,43024.250000000000,0.031576930000,1358.515780952500,43022.414812095413
1642248960,43027.710000000000,43027.710000000000,43011.370000000000,43025.710000000000,0.293284980000,12617.640707535800,43021.775978898749
1642249020,43028.380000000000,43028.380000000000,43027.160000000000,43027.160000000000,0.021040000000,905.303646400000,43027.739847908745
1642249080,43016.650000000000,43016.650000000000,43016.650000000000,43016.650000000000,0.003785040000,162.819740916000,43016.650000000000
1642249140,43021.460000000000,43021.460000000000,43020.310000000000,43020.310000000000,0.060970980000,2623.001292903800,43020.487663209612
1642249200,43029.350000000000,43052.140000000000,43029.350000000000,43052.140000000000,0.343238300000,14773.364109566200,43041.129470592880
1642249260,43051.090000000000,43051.090000000000,43051.090000000000,43051.090000000000,0.003100000000,133.458379000000,43051.090000000000
1642249320,43032.090000000000,43050.150000000000,43032.090000000000,43050.150000000000,1.048844530000,45144.374739699600,43042.008084553390
1642249380,43034.070000000000,43034.070000000000,43026.930000000000,43026.930000000000,0.015160000000,652.292828400000,43027.231424802111
1642249440,43026.930000000000,43031.240000000000,43012.670000000000,43012.670000000000,0.140002660000,6023.182666669400,43021.915916950435
1642249500,43012.670000000000,43012.670000000000,42997.270000000000,43011.340000000000,0.113935600000,4900.480924549200,43010.972203149850
1642249560,43011.340000000000,43011.340000000000,42985.710000000000,42994.500000000000,0.377586330000,16232.841975198100,42991.074319873021
1642249620,42999.050000000000,42999.050000000000,42964.080000000000,42964.080000000000,0.613013070000,26340.484140835600,42968.878527884569
1642249680,42978.350000000000,42978.350000000000,42944.880000000000,42944.880000000000,0.837651180000,35978.188330771000,42951.277560154574
1642249740,42944.830000000000,42972.430000000000,42944.830000000000,42972.430000000000,0.164873850000,7081.436424509500,42950.634224344855
1642249800,42964.870000000000,42965.040000000000,42964.870000000000,42965.040000000000,0.004780000000,205.372476400000,42964.953221757322
1642249860,42972.430000000000,42981.650000000000,42951.580000000000,42969.730000000000,0.034765390000,1493.921207316200,42971.507217845104
1642249920,42977.460000000000,42977.460000000000,42977.460000000000,42977.460000000000,0.005740000000,246.690620400000,42977.460000000000
1642249980,42967.160000000000,42967.160000000000,42967.160000000000,42967.160000000000,0.001010000000,43.396831600000,42967.160000000000
1642250040,42967.160000000000,42967.160000000000,42941.820000000000,42941.820000000000,0.008190000000,351.872295200000,42963.650207570208
1642250100,42941.430000000000,42953.930000000000,42941.430000000000,42953.930000000000,0.014160000000,608.133444200000,42947.277132768362
1642250160,42950.540000000000,42952.730000000000,42916.150000000000,42916.150000000000,0.114871180000,4930.316852640000,42920.398768777338
1642250220,42901.000000000000,42920.590000000000,42879.000000000000,42893.140000000000,1.095166480000,46996.667910278600,42912.807110640019
1642250280,42888.940000000000,42889.070000000000,42835.000000000000,42879.940000000000,0.436558310000,18709.781676502100,42857.463133623777
1642250340,42885.140000000000,42885.140000000000,42854.070000000000,42854.070000000000,0.005471320000,234.612070320800,42880.341548438037
1642250400,42827.920000000000,42855.910000000000,42791.000000000000,42833.740000000000,2.696125910000,115391.225049508000,42798.900682464047
1642250460,42822.870000000000,42838.980000000000,42773.980000000000,42801.640000000000,1.952234540000,83553.516137264200,42798.912950932730
1642250520,42769.000000000000,42786.170000000000,42653.180000000000,42730.920000000000,7.113815440000,303892.821455135100,42718.682262459019
1642250580,42725.730000000000,42734.090000000000,42659.140000000000,42725.270000000000,0.628318490000,26823.913046340800,42691.586310536238
1642250640,42711.300000000000,42731.470000000000,42703.140000000000,42722.160000000000,0.040603670000,1734.188317105800,42710.137214340477
1642250700,42737.660000000000,42737.660000000000,42387.860000000000,42650.250000000000,34.061683620000,1448157.131753893600,42515.723764857564
1642250760,42636.170000000000,42643.700000000000,42609.690000000000,42643.700000000000,0.229500880000,9783.012789982400,42627.343258912123
1642250820,42626.320000000000,42674.000000000000,42626.320000000000,42661.440000000000,1.181468470000,50391.032119550500,42651.186552232325
1642250880,42655.240000000000,42655.240000000000,42610.750000000000,42621.250000000000,1.870096930000,79715.371593300200,42626.331456145537
1642250940,42632.340000000000,42676.400000000000,42632.340000000000,42657.510000000000,0.544012350000,23208.989004260000,42662.614192968230
1642251000,42657.450000000000,42664.590000000000,42617.640000000000,42622.900000000000,1.984771620000,84629.164174266200,42639.245403088844
1642251060,42634.680000000000,42678.310000000000,42622.600000000000,42676.990000000000,0.573113850000,24440.231975351900,42644.636794856554
1642251120,42684.250000000000,42696.760000000000,42627.670000000000,42631.980000000000,1.885769690000,80456.287507455800,42664.959530373934
1642251180,42624.510000000000,42674.530000000000,42612.220000000000,42674.530000000000,0.453760520000,19342.091507295100,42626.210643656481
1642251240,42656.810000000000,42693.080000000000,42656.810000000000,42693.080000000000,0.135207820000,5771.411317759000,42685.484595188355
1642251300,42694.640000000000,42704.010000000000,42694.640000000000,42704.010000000000,0.102879020000,4393.323040963100,42703.780041480761
1642251360,42714.960000000000,42723.070000000000,42714.960000000000,42723.070000000000,0.234990000000,10037.817609300000,42715.935185752585
1642251420,42717.670000000000,42722.970000000000,42717.670000000000,42722.970000000000,0.002610000000,111.500216884000,42720.389610727969
1642251480,42736.080000000000,42736.080000000000,42692.760000000000,42706.480000000000,0.052070000000,2223.594127100000,42703.939448818898
1642251540,42705.690000000000,42741.020000000000,42705.690000000000,42741.020000000000,0.423661150000,18096.821574233000,42715.319953772018
1642251600,42725.010000000000,42725.010000000000,42705.690000000000,42705.690000000000,0.060976560000,2605.002916466000,42721.382060024377
1642251660,42694.500000000000,42694.500000000000,42668.880000000000,42689.610000000000,0.416570930000,17777.798624626700,42676.522398302493
1642251720,42689.610000000000,42695.080000000000,42686.860000000000,42695.080000000000,0.152890000000,6527.643443900000,42695.032009287723
1642251780,42708.260000000000,42715.960000000000,42708.260000000000,42715.960000000000,0.018635440000,795.901002388800,42708.999754703940
1642251840,42706.740000000000,42724.030000000000,42706.740000000000,42724.030000000000,0.011340000000,484.317600200000,42708.783086419753
1642251900,42728.800000000000,42728.800000000000,42728.800000000000,42728.800000000000,0.020000000000,854.576000000000,42728.800000000000
1642251960,42697.060000000000,42707.680000000000,42697.060000000000,42702.950000000000,0.160856890000,6869.322404643400,42704.558099086710
1642252020,42703.080000000000,42726.040000000000,42703.080000000000,42718.790000000000,1.888575200000,80684.474310636800,42722.404864067260
1642252080,42713.000000000000,42726.130000000000,42713.000000000000,42726.130000000000,0.004460000000,190.543965500000,42722.862219730942
1642252140,42712.760000000000,42755.860000000000,42712.760000000000,42755.860000000000,1.177441150000,50325.249678692000,42741.201697165077
1642252200,42756.080000000000,42789.890000000000,42756.080000000000,42785.090000000000,0.238610940000,10208.340636051100,42782.366290711985
1642252260,42796.490000000000,42816.290000000000,42785.710000000000,42816.290000000000,0.014400710000,616.249252895700,42792.977075137267
1642252320,42797.620000000000,42797.620000000000,42784.580000000000,42789.060000000000,0.012790000000,547.309522600000,42791.987693510555
1642252380,42785.980000000000,42829.460000000000,42785.980000000000,42829.460000000000,0.025110000000,1075.308433000000,42823.912106730386
1642252440,42809.930000000000,42830.940000000000,42809.930000000000,42818.010000000000,0.193941830000,8304.016049849800,42817.044934812670
1642252500,42817.760000000000,42821.200000000000,42806.730000000000,42821.200000000000,0.125778710000,5384.928458218300,42812.718131854747
1642252560,42829.460000000000,42829.460000000000,42819.180000000000,42819.690000000000,0.017280000000,739.984768600000,42823.192627314815
1642252620,42776.910000000000,42791.570000000000,42770.490000000000,42770.490000000000,0.019180000000,820.468892500000,42777.314520333681
1642252680,42776.480000000000,42776.690000000000,42774.390000000000,42774.910000000000,0.065120000000,2785.597106800000,42776.368347665847
1642252800,42788.330000000000,42817.990000000000,42782.790000000000,42817.990000000000,0.074991490000,3208.894100002100,42790.109917833343
1642252860,42811.740000000000,42811.740000000000,42800.000000000000,42804.970000000000,0.019030000000,814.626269600000,42807.476069364162
1642252920,42815.490000000000,42831.940000000000,42805.840000000000,42831.940000000000,0.237857760000,10183.932360436000,42815.220156937491
1642252980,42832.000000000000,42870.670000000000,42832.000000000000,42859.780000000000,0.724239820000,31027.322567328900,42841.227050079764
1642253040,42847.730000000000,42857.860000000000,42832.150000000000,42836.150000000000,2.144736230000,91877.733851004700,42838.710217994825
1642253100,42829.660000000000,42872.400000000000,42814.520000000000,42872.080000000000,0.060102380000,2575.142637898600,42845.934518709575
1642253160,42870.250000000000,42873.200000000000,42851.510000000000,42873.200000000000,0.867872720000,37197.666686753500,42860.739633288047
1642253220,42876.000000000000,42881.300000000000,42864.200000000000,42864.200000000000,0.114150000000,4893.012848830200,42864.764334911958
1642253280,42873.500000000000,42910.010000000000,42872.410000000000,42910.010000000000,2.511796170000,107733.297059588400,42890.939299261851
1642253340,42911.150000000000,42914.610000000000,42890.540000000000,42893.690000000000,0.013370000000,573.589724900000,42901.250927449514
1642253400,42906.200000000000,42944.410000000000,42899.630000000000,42941.920000000000,1.008245870000,43263.203671457300,42909.378514446383
1642253460,42948.310000000000,42964.000000000000,42934.880000000000,42964.000000000000,3.399302960000,146001.992777893800,42950.567953464730
1642253520,42977.820000000000,42979.540000000000,42948.310000000000,42952.080000000000,0.030809610000,1323.353167979400,42952.610175182354
1642253580,42948.640000000000,42948.640000000000,42908.170000000000,42911.900000000000,0.232067290000,9959.398917134400,42915.996119635818
1642253640,42911.590000000000,42926.350000000000,42887.680000000000,42894.810000000000,0.255685770000,10974.566146340300,42922.084190842143
1642253700,42891.160000000000,42899.760000000000,42891.160000000000,42899.760000000000,0.177524000000,7614.759843538300,42894.255669871679
1642253760,42917.970000000000,42940.120000000000,42917.970000000000,42940.120000000000,0.396269610000,17008.958763407100,42922.692869148103
1642253820,42925.530000000000,42938.730000000000,42922.840000000000,42938.730000000000,0.252055520000,10819.410257799300,42924.710626449680
1642253880,42934.960000000000,42976.470000000000,42931.560000000000,42976.470000000000,1.335793080000,57362.227275870900,42942.449796094841
1642253940,42975.890000000000,42975.890000000000,42942.580000000000,42948.330000000000,0.109033860000,4683.731264088800,42956.667443386853
1642254000,42949.300000000000,42950.090000000000,42929.340000000000,42929.340000000000,0.025520000000,1095.703558500000,42935.092417711599
1642254060,42936.700000000000,42950.890000000000,42936.700000000000,42950.890000000000,0.194357700000,8346.685695804000,42944.970514695327
1642254120,42947.170000000000,42949.670000000000,42947.170000000000,42949.670000000000,0.131157670000,5632.887289693900,42947.448591408340
1642254180,42949.980000000000,42961.250000000000,42942.180000000000,42942.180000000000,0.401115050000,17228.665968065300,42951.931043388424
1642254240,42923.860000000000,42930.500000000000,42913.770000000000,42923.650000000000,0.272519450000,11697.828723807100,42924.748027368688
1642254300,42911.850000000000,42949.290000000000,42911.850000000000,42949.290000000000,0.072229960000,3100.580288222800,42926.512602565473
1642254360,42949.290000000000,42949.290000000000,42933.090000000000,42939.850000000000,0.044582470000,1914.561396474300,42944.264785560334
1642254420,42942.640000000000,42955.400000000000,42941.070000000000,42948.660000000000,0.073718560000,3165.661045771800,42942.524186199514
1642254480,42948.660000000000,42961.090000000000,42948.660000000000,42961.090000000000,0.007463490000,320.628770833400,42959.630257882036
1642254540,42947.310000000000,42972.100000000000,42947.010000000000,42972.100000000000,0.221988270000,9534.841278251000,42952.004978690991
1642254600,42976.460000000000,43002.290000000000,42969.690000000000,42988.990000000000,5.252042490000,225829.394495420300,42998.394419962185
1642254660,42963.150000000000,42974.850000000000,42928.300000000000,42945.800000000000,0.870151210000,37367.159634005400,42943.294457988973
1642254720,42940.860000000000,42940.860000000000,42923.520000000000,42923.520000000000,0.018883850000,810.655680291000,42928.517240446201
1642254780,42927.230000000000,42927.230000000000,42898.500000000000,42912.600000000000,1.658063720000,71152.651483289300,42913.098347806138
1642254840,42890.350000000000,42920.510000000000,42890.350000000000,42920.510000000000,0.162327120000,6965.548671075100,42910.566460337003
1642254900,42904.790000000000,42929.100000000000,42904.220000000000,42927.520000000000,0.110886290000,4757.869276669100,42907.642384546367
1642254960,42921.550000000000,42950.740000000000,42911.120000000000,42930.580000000000,0.444407700000,19075.802539914700,42924.104465144731
1642255020,42929.270000000000,42972.290000000000,42907.060000000000,42935.910000000000,0.405421440000,17400.349525892700,42919.164625069409
1642255080,42913.870000000000,42947.270000000000,42913.870000000000,42947.270000000000,0.278226790000,11942.219201093500,42922.607133171827
1642255140,42950.560000000000,42970.580000000000,42899.420000000000,42933.150000000000,0.613747450000,26348.962684254800,42931.278466826705
1642255200,42900.740000000000,42957.510000000000,42894.740000000000,42957.510000000000,0.923180020000,39625.353259838600,42922.672069786128
1642255260,42958.520000000000,42971.890000000000,42951.530000000000,42965.610000000000,0.100100640000,4300.067939782000,42957.447023135916
1642255320,42961.880000000000,42974.430000000000,42961.880000000000,42974.430000000000,0.071491320000,3071.690826031600,42965.926857017048
1642255380,42947.180000000000,42968.730000000000,42947.180000000000,42968.720000000000,0.167606030000,7199.778026074600,42956.557267507619
1642255440,42959.300000000000,42959.300000000000,42924.070000000000,42950.740000000000,0.113687880000,4882.575942618600,42947.198440313955
1642255500,42962.250000000000,42970.120000000000,42918.940000000000,42954.090000000000,0.989256750000,42476.552613699500,42937.844612836353
1642255560,42956.950000000000,42956.950000000000,42929.260000000000,42932.590000000000,0.049590000000,2129.463810400000,42941.395652349264
1642255620,42932.590000000000,42940.770000000000,42908.220000000000,42927.840000000000,0.527672140000,22646.426546828200,42917.608928203410
1642255680,42927.840000000000,42950.640000000000,42927.840000000000,42950.640000000000,0.759688030000,32624.994389194800,42945.252657455719
1642255740,42930.800000000000,42940.010000000000,42907.710000000000,42907.710000000000,0.063022060000,2705.119664682600,42923.377380596572
1642255800,42914.260000000000,42934.690000000000,42910.270000000000,42934.030000000000,1.172947580000,50334.134589906100,42912.518383733824
1642255860,42945.420000000000,42966.790000000000,42929.100000000000,42929.100000000000,0.039670120000,1703.620104892000,42944.667293469241
1642255920,42908.570000000000,42943.690000000000,42908.570000000000,42916.920000000000,0.735069880000,31546.567060511500,42916.419130806312
1642255980,42897.100000000000,42933.040000000000,42889.680000000000,42901.010000000000,0.292732650000,12560.967334662600,42909.348631464922
1642256040,42900.330000000000,42915.700000000000,42900.330000000000,42911.320000000000,0.020340000000,872.861861400000,42913.562507374631
1642256100,42911.020000000000,42915.700000000000,42881.660000000000,42881.660000000000,0.046221000000,1982.632268380000,42894.620808290603
1642256160,42877.350000000000,42887.010000000000,42856.200000000000,42875.240000000000,1.226216830000,52577.293846792000,42877.648194399681
1642256220,42872.960000000000,42872.960000000000,42800.000000000000,42800.000000000000,1.513528130000,64794.252877588900,42810.075077751545
1642256280,42811.430000000000,42838.540000000000,42795.200000000000,42838.540000000000,0.231730000000,9919.611617953600,42806.764846820006
1642256340,42825.650000000000,42857.090000000000,42825.650000000000,42848.380000000000,0.065562000000,2808.317688860000,42834.533553887924
1642256400,42859.550000000000,42884.990000000000,42853.490000000000,42884.990000000000,0.088341270000,3786.533832832300,42862.569587603846
1642256460,42884.990000000000,42895.360000000000,42884.990000000000,42895.360000000000,0.055735000000,2390.575977300000,42891.826990221584
1642256520,42895.360000000000,42905.410000000000,42870.780000000000,42905.410000000000,0.015910000000,682.503791600000,42897.787027027027
1642256580,42920.740000000000,42920.740000000000,42913.200000000000,42913.200000000000,0.040790000000,1750.656218900000,42918.759963226281
1642256640,42913.200000000000,42916.200000000000,42890.930000000000,42890.930000000000,0.473469110000,20316.784937062000,42910.476117569740
1642256700,42916.810000000000,42931.660000000000,42896.190000000000,42931.660000000000,0.028285000000,1213.381474250000,42898.408140357080
1642256760,42941.060000000000,42941.060000000000,42924.340000000000,42940.540000000000,0.020090120000,862.550276320800,42934.052973342120
1642256820,42909.940000000000,42932.610000000000,42909.940000000000,42932.610000000000,0.010757700000,461.694705564900,42917.603722440671
1642256880,42931.370000000000,42936.870000000000,42916.620000000000,42936.870000000000,0.048853010000,2097.501471983700,42934.948572947705
1642256940,42935.450000000000,42950.740000000000,42919.110000000000,42950.740000000000,0.008762680000,376.229773692900,42935.468794124628
1642257000,42970.330000000000,42970.330000000000,42942.710000000000,42942.710000000000,0.007634070000,327.893193002700,42951.295050045389
1642257060,42963.620000000000,42982.090000000000,42959.320000000000,42979.460000000000,0.006160000000,264.692353700000,42969.537938311688
1642257120,42980.120000000000,42980.120000000000,42960.000000000000,42972.960000000000,0.169883100000,7298.461453000000,42961.668659213306
1642257180,42973.240000000000,42973.240000000000,42963.910000000000,42971.770000000000,0.009740000000,418.503346700000,42967.489394250513
1642257240,42951.580000000000,42969.330000000000,42938.290000000000,42938.290000000000,0.082310000000,3535.165754200000,42949.407777912769
1642257300,42932.930000000000,42934.650000000000,42914.200000000000,42928.050000000000,0.086098410000,3696.025580623400,42927.919117477315
1642257360,42941.090000000000,42941.090000000000,42896.170000000000,42896.170000000000,0.025928580000,1113.013423138600,42926.123341062257
1642257420,42926.260000000000,42928.830000000000,42925.280000000000,42928.830000000000,0.018812480000,807.569180724800,42927.311057595809
1642257480,42941.910000000000,42941.910000000000,42939.650000000000,42939.650000000000,0.077008710000,3306.890633151500,42941.774159721673
1642257540,42950.740000000000,43002.290000000000,42950.740000000000,43002.290000000000,2.524671430000,108500.643995406900,42976.144422645484
1642257600,43008.000000000000,43053.890000000000,43003.880000000000,43053.890000000000,2.465699080000,106150.244206806500,43050.770091055272
1642257660,43036.110000000000,43157.280000000000,43034.850000000000,43126.860000000000,10.593924670000,456734.070790303500,43112.829760219873
1642257720,43160.000000000000,43260.920000000000,43151.390000000000,43218.960000000000,7.422088900000,320814.385293346800,43224.271443763871
1642257780,43207.950000000000,43224.560000000000,43174.930000000000,43177.950000000000,0.236328130000,10210.914547265200,43206.513533810808
1642257840,43213.170000000000,43226.850000000000,43213.170000000000,43225.150000000000,0.030473340000,1317.000347634400,43218.116151180015
1642257900,43207.770000000000,43271.740000000000,43207.770000000000,43263.990000000000,0.808192210000,34960.320362260700,43257.432983993623
1642257960,43263.900000000000,43312.820000000000,43260.560000000000,43310.390000000000,1.819222220000,78728.496450531200,43275.909663488608
1642258020,43283.970000000000,43333.800000000000,43274.820000000000,43274.820000000000,0.837891810000,36269.264107573400,43286.333241010436
1642258080,43260.830000000000,43283.760000000000,43252.320000000000,43266.520000000000,4.598891020000,198987.362174951900,43268.553507700188
1642258140,43254.160000000000,43254.160000000000,43146.200000000000,43146.200000000000,0.454516730000,19628.265813313500,43184.913816733434
1642258200,43162.820000000000,43177.660000000000,43123.940000000000,43123.940000000000,1.025424470000,44260.226386437300,43162.834203124975
1642258260,43139.490000000000,43182.500000000000,43139.340000000000,43165.370000000000,0.361453110000,15596.165300831900,43148.516002067046
1642258320,43155.160000000000,43198.570000000000,43155.160000000000,43195.280000000000,0.328765500000,14197.234637571600,43183.468574323036
1642258380,43145.850000000000,43157.050000000000,43127.230000000000,43157.050000000000,0.805443170000,34744.899120180500,43137.617170657118
1642258440,43168.680000000000,43168.680000000000,43080.000000000000,43080.000000000000,0.859078260000,37059.886169104300,43139.127009341734
1642258500,43099.250000000000,43141.230000000000,43080.530000000000,43141.230000000000,0.198241220000,8541.367365246600,43085.728413326956
1642258560,43117.760000000000,43211.220000000000,43117.760000000000,43205.200000000000,1.783184070000,76953.272111940100,43154.979570863988
1642258620,43198.440000000000,43214.280000000000,43198.440000000000,43214.280000000000,0.017050000000,736.666608206500,43206.252680733138
1642258680,43226.570000000000,43232.360000000000,43202.200000000000,43203.160000000000,0.021011670000,908.041262319100,43216.044337223076
1642258740,43216.940000000000,43218.730000000000,43213.760000000000,43213.760000000000,0.382990000000,16551.564797175000,43216.702256390506
1642258800,43219.670000000000,43219.670000000000,43188.930000000000,43215.850000000000,0.042332970000,1829.255481918200,43211.130282571716
1642258860,43190.680000000000,43202.960000000000,43178.090000000000,43178.090000000000,0.042778840000,1847.696476140800,43191.832133381831
1642258920,43183.050000000000,43183.050000000000,43168.040000000000,43168.040000000000,0.007700000000,332.471209500000,43178.079155844156
1642258980,43174.230000000000,43187.260000000000,43174.230000000000,43175.660000000000,0.357610000000,15439.609737600000,43174.435104163754
1642259040,43175.650000000000,43175.650000000000,43142.500000000000,43160.870000000000,0.053142260000,2293.462737250000,43157.041820389272
1642259100,43166.260000000000,43171.300000000000,43166.260000000000,43171.300000000000,0.008110000000,350.110532200000,43170.225918618989
1642259160,43171.590000000000,43196.120000000000,43171.590000000000,43196.120000000000,0.605716400000,26163.669507490800,43194.586620885286
1642259220,43196.670000000000,43196.670000000000,43191.270000000000,43191.270000000000,0.201828360000,8718.218153751600,43196.199749884506
1642259280,43173.290000000000,43173.290000000000,43164.550000000000,43164.550000000000,0.006889070000,297.387796003600,43168.061291814425
1642259340,43166.160000000000,43173.560000000000,43130.700000000000,43130.700000000000,0.020858380000,899.998296424400,43148.043924043958
1642259400,43151.160000000000,43170.960000000000,43145.820000000000,43170.960000000000,0.321863560000,13894.405304431600,43168.618729102481
1642259460,43170.960000000000,43176.350000000000,43155.610000000000,43155.610000000000,1.661086820000,71715.733071855900,43173.982364062042
1642259520,43171.630000000000,43179.860000000000,43171.260000000000,43179.860000000000,0.011160000000,481.833965300000,43175.086496415771
1642259640,43218.640000000000,43218.640000000000,43216.070000000000,43216.070000000000,0.007410000000,320.237400900000,43216.923198380567
1642259700,43196.600000000000,43236.860000000000,43196.600000000000,43236.860000000000,0.054268500000,2346.237475220200,43233.873706113123
1642259760,43239.370000000000,43239.370000000000,43221.570000000000,43221.570000000000,0.003250000000,140.489682500000,43227.594615384615
1642259820,43209.820000000000,43220.800000000000,43181.860000000000,43181.860000000000,0.110573850000,4777.054684145100,43202.390837843668
1642259880,43159.190000000000,43175.260000000000,43159.190000000000,43175.260000000000,0.007512310000,324.261934428900,43164.077950577119
1642259940,43169.580000000000,43177.060000000000,43153.960000000000,43153.960000000000,0.029522670000,1274.470130167300,43169.202858931797
1642260000,43153.960000000000,43153.960000000000,43101.640000000000,43136.310000000000,0.373360410000,16095.347125164500,43109.410355437792
1642260120,43144.560000000000,43162.160000000000,43125.830000000000,43142.660000000000,0.126142860000,5440.274931798000,43127.886364697931
1642260180,43163.510000000000,43163.510000000000,43141.290000000000,43141.290000000000,0.004377660000,188.903228381400,43151.644572991050
1642260240,43184.560000000000,43189.130000000000,43184.560000000000,43189.130000000000,0.400909330000,17313.726762709700,43186.140773300786
1642260300,43172.660000000000,43199.490000000000,43172.660000000000,43199.490000000000,0.012435680000,537.142457308800,43193.653849954325
1642260360,43202.470000000000,43202.470000000000,43202.470000000000,43202.470000000000,0.002040000000,88.133038800000,43202.470000000000
1642260420,43179.140000000000,43179.140000000000,43179.140000000000,43179.140000000000,0.007210000000,311.321599400000,43179.140000000000
1642260480,43175.060000000000,43179.320000000000,43150.710000000000,43179.320000000000,0.286265740000,12359.631700740000,43175.378586134687
1642260540,43183.620000000000,43208.010000000000,43168.910000000000,43193.700000000000,0.026988800000,1165.821460908000,43196.491170707850
1642260600,43168.910000000000,43197.870000000000,43168.910000000000,43197.870000000000,0.065934430000,2846.840896080100,43176.848515716296
1642260660,43179.170000000000,43213.070000000000,43179.170000000000,43213.070000000000,0.012753840000,551.094821512800,43210.109387666773
1642260720,43218.640000000000,43230.570000000000,43218.640000000000,43230.570000000000,0.001620000000,70.025888200000,43225.856913580247
1642260780,43240.380000000000,43242.680000000000,43226.980000000000,43235.830000000000,0.006375260000,275.641149398300,43236.064003397508
1642260840,43250.000000000000,43285.280000000000,43250.000000000000,43280.880000000000,2.525239700000,109255.562043656800,43265.422305714900
1642260900,43246.980000000000,43266.780000000000,43227.390000000000,43266.780000000000,0.074554790000,3224.120849846600,43244.986000853868
1642260960,43275.790000000000,43275.790000000000,43275.790000000000,43275.790000000000,0.000590000000,25.532716100000,43275.790000000000
1642261020,43253.400000000000,43253.400000000000,43247.080000000000,43247.080000000000,0.048260000000,2087.368954500000,43252.568472855367
1642261080,43248.570000000000,43257.260000000000,43242.180000000000,43257.260000000000,0.018990000000,821.363654500000,43252.430463401790
1642261140,43267.770000000000,43267.770000000000,43221.170000000000,43221.170000000000,0.184101120000,7959.609271658300,43234.985597362471
1642261200,43219.510000000000,43258.150000000000,43219.510000000000,43258.150000000000,0.053750470000,2323.954109194900,43235.977456474334
1642261260,43267.750000000000,43275.330000000000,43259.240000000000,43275.330000000000,0.026517550000,1147.315214062000,43266.260045215338
1642261320,43272.580000000000,43316.830000000000,43264.870000000000,43316.830000000000,0.732823570000,31714.406132631200,43277.000673751801
1642261380,43319.000000000000,43364.810000000000,43314.350000000000,43342.100000000000,0.244830760000,10610.446449995100,43337.881441021138
1642261440,43337.260000000000,43337.260000000000,43319.060000000000,43319.060000000000,0.048379790000,2096.627517975400,43336.846190845392
1642261500,43311.680000000000,43328.300000000000,43289.580000000000,43328.300000000000,0.009563520000,414.141866041600,43304.334182560397
1642261560,43353.940000000000,43363.060000000000,43345.980000000000,43345.980000000000,0.037118190000,1609.042794076200,43349.171769318493
1642261620,43370.020000000000,43370.020000000000,43340.900000000000,43359.100000000000,0.333477220000,14457.577882964300,43354.019452855881
1642261680,43358.700000000000,43358.920000000000,43353.470000000000,43353.470000000000,0.010800000000,468.266461500000,43358.005694444445
1642261740,43353.460000000000,43353.460000000000,43325.970000000000,43325.970000000000,0.170306150000,7379.866251401900,43332.940421716421
1642261800,43320.650000000000,43365.590000000000,43318.980000000000,43365.590000000000,0.118317680000,5127.610633632300,43337.653625665243
1642261860,43341.800000000000,43416.850000000000,43341.800000000000,43374.070000000000,7.574753210000,328828.066040370800,43411.059994173830
1642261920,43374.070000000000,43410.030000000000,43374.070000000000,43402.020000000000,0.026670000000,1157.247427500000,43391.354611923510
1642261980,43387.820000000000,43387.820000000000,43377.810000000000,43380.920000000000,0.016710000000,724.945527300000,43383.933411131060
1642262040,43374.110000000000,43384.490000000000,43353.600000000000,43384.490000000000,0.042348170000,1837.032324012000,43379.261111212126
1642262100,43393.300000000000,43393.300000000000,43393.300000000000,43393.300000000000,0.012848300000,557.530136390000,43393.300000000000
1642262160,43416.660000000000,43416.660000000000,43395.410000000000,43412.100000000000,0.065134590000,2826.946032331900,43401.609380390665
1642262220,43387.770000000000,43400.900000000000,43367.230000000000,43400.900000000000,0.536686500000,23277.315827552500,43372.277535493254
1642262280,43399.010000000000,43416.850000000000,43399.010000000000,43416.850000000000,3.198966030000,138888.138281747900,43416.571785774137
1642262340,43422.780000000000,43436.310000000000,43421.640000000000,43427.450000000000,0.021390100000,928.966003253000,43429.717638206460
1642262400,43439.000000000000,43450.080000000000,43394.100000000000,43427.550000000000,2.318279270000,100663.372550844700,43421.590251654497
1642262460,43427.550000000000,43427.550000000000,43371.430000000000,43371.430000000000,1.598647150000,69402.621826017000,43413.345981955430
1642262520,43371.430000000000,43374.500000000000,43335.980000000000,43349.000000000000,0.396682960000,17195.415029581000,43348.005242224168
1642262580,43347.120000000000,43374.540000000000,43323.890000000000,43352.370000000000,0.706852010000,30637.002180880200,43342.880472080995
1642262640,43382.050000000000,43414.990000000000,43364.930000000000,43372.130000000000,0.674685680000,29267.447858404200,43379.382023350784
1642262700,43351.310000000000,43366.600000000000,43343.840000000000,43366.600000000000,0.053721700000,2329.048937627000,43353.969394620796
1642262760,43373.440000000000,43373.440000000000,43372.430000000000,43372.430000000000,0.068534230000,2972.550340621300,43373.221536468711
1642262820,43356.060000000000,43364.200000000000,43344.410000000000,43344.410000000000,0.006155400000,266.871100628500,43355.606561474478
1642262880,43356.550000000000,43356.550000000000,43333.580000000000,43341.890000000000,0.081691020000,3540.665481933600,43342.162724049719
1642262940,43341.890000000000,43352.990000000000,43319.670000000000,43352.990000000000,0.026874390000,1164.628072402300,43335.981668878809
1642263000,43343.170000000000,43346.290000000000,43315.320000000000,43346.290000000000,2.102502830000,91111.180231834600,43334.629058185192
1642263060,43346.290000000000,43380.080000000000,43346.290000000000,43348.130000000000,1.717853550000,74464.506772166500,43347.412689612861
1642263120,43357.080000000000,43357.080000000000,43340.980000000000,43355.310000000000,0.228572710000,9907.002550431800,43342.893167044307
1642263180,43361.370000000000,43368.080000000000,43357.410000000000,43368.080000000000,0.007540000000,326.942246000000,43361.040583554376
1642263240,43351.050000000000,43373.910000000000,43351.050000000000,43373.910000000000,0.047731910000,2070.063166314700,43368.538286330884
1642263300,43373.880000000000,43373.910000000000,43349.760000000000,43373.910000000000,0.500262520000,21688.723246489200,43354.683549927347
1642263360,43373.910000000000,43385.030000000000,43367.580000000000,43385.030000000000,2.419590460000,104946.794259740700,43373.784115407985
1642263420,43368.040000000000,43396.530000000000,43368.040000000000,43379.290000000000,0.032299810000,1401.168410172400,43380.082117275612
1642263480,43395.350000000000,43395.350000000000,43378.980000000000,43390.110000000000,0.030432960000,1320.374848591500,43386.343247304896
1642263540,43395.310000000000,43395.350000000000,43362.180000000000,43362.180000000000,0.055450000000,2405.343422300000,43378.600943192065
1642263600,43356.170000000000,43356.170000000000,43335.720000000000,43335.720000000000,0.051468390000,2230.528514174100,43337.833458052603
1642263660,43335.720000000000,43335.720000000000,43329.080000000000,43331.800000000000,0.043847800000,1899.995024840000,43331.593029524856
1642263720,43329.380000000000,43346.080000000000,43329.380000000000,43337.550000000000,0.014818170000,642.227972173600,43340.572565546218
1642263780,43339.780000000000,43341.230000000000,43319.530000000000,43331.530000000000,0.045890000000,1988.485649200000,43331.567862279363
1642263840,43331.530000000000,43361.090000000000,43331.530000000000,43361.090000000000,0.164698950000,7136.708226877000,43331.838040722178
1642263900,43349.860000000000,43350.820000000000,43330.960000000000,43342.400000000000,0.464801910000,20145.364663927000,43341.828487595931
1642263960,43328.990000000000,43328.990000000000,43291.320000000000,43318.490000000000,0.095535540000,4136.547394365500,43298.519005236166
1642264020,43295.720000000000,43295.720000000000,43262.640000000000,43289.980000000000,1.119940990000,48462.146363420800,43272.053435083932
1642264080,43282.610000000000,43300.280000000000,43279.590000000000,43279.590000000000,0.061860850000,2677.620640254500,43284.575628277013
1642264140,43284.300000000000,43313.600000000000,43279.140000000000,43313.600000000000,0.126163530000,5464.071689915800,43309.438868077011
1642264200,43315.400000000000,43322.250000000000,43315.400000000000,43322.250000000000,0.012309490000,533.239922493100,43319.416360312247
1642264260,43301.370000000000,43337.000000000000,43301.370000000000,43326.550000000000,0.280565600000,12156.103090340800,43327.133085242096
1642264320,43347.800000000000,43365.400000000000,43347.800000000000,43365.400000000000,0.056727750000,2459.625995285100,43358.426789095284
1642264380,43368.700000000000,43368.700000000000,43356.920000000000,43362.150000000000,0.142365840000,6172.991475697000,43360.060782115991
1642264440,43355.600000000000,43362.300000000000,43355.600000000000,43362.300000000000,0.002860000000,124.008272000000,43359.535664335664
1642264500,43378.880000000000,43387.510000000000,43373.550000000000,43373.550000000000,0.043180000000,1872.997232300000,43376.499126910607
1642264560,43362.270000000000,43387.430000000000,43362.270000000000,43386.800000000000,0.048833280000,2118.670017652100,43385.781533661061
1642264620,43386.800000000000,43386.800000000000,43386.800000000000,43386.800000000000,0.015362730000,666.539693964000,43386.800000000000
1642264680,43386.660000000000,43386.660000000000,43386.660000000000,43386.660000000000,0.013359680000,579.631893868800,43386.660000000000
1642264740,43360.290000000000,43360.290000000000,43341.650000000000,43351.110000000000,0.034982730000,1516.506453904500,43350.146026467917
1642264800,43351.110000000000,43377.580000000000,43351.110000000000,43377.580000000000,0.063676540000,2761.237463154900,43363.497186795954
1642264860,43373.170000000000,43373.690000000000,43356.580000000000,43373.690000000000,0.093312660000,4047.037272632200,43370.720249880349
1642264920,43373.160000000000,43373.160000000000,43352.150000000000,43352.160000000000,0.050116020000,2172.907905600200,43357.551250083306
1642264980,43342.070000000000,43342.070000000000,43337.400000000000,43337.400000000000,0.017626130000,763.887848389100,43338.375944640145
1642265040,43320.000000000000,43339.170000000000,43318.360000000000,43318.360000000000,0.010256000000,444.299258600000,43320.910549921997
1642265100,43316.450000000000,43325.770000000000,43316.450000000000,43325.770000000000,0.015663480000,678.570723246000,43321.836733982487
1642265160,43324.490000000000,43328.180000000000,43324.490000000000,43326.310000000000,0.030120000000,1304.976959600000,43325.928273572377
1642265220,43326.330000000000,43326.330000000000,43307.690000000000,43307.690000000000,0.022590000000,978.671123100000,43323.201553784860
1642265280,43309.660000000000,43325.090000000000,43296.640000000000,43305.720000000000,1.367333890000,59204.448982753400,43299.189331695274
1642265340,43347.730000000000,43348.830000000000,43347.730000000000,43347.770000000000,0.010280000000,445.618696200000,43348.122198443580
1642265400,43364.810000000000,43376.690000000000,43364.810000000000,43376.690000000000,0.001511950000,65.573697592700,43370.281816660604
1642265460,43403.500000000000,43403.500000000000,43403.500000000000,43403.500000000000,0.007730000000,335.509055000000,43403.500000000000
1642265520,43387.630000000000,43400.550000000000,43372.120000000000,43400.550000000000,0.114973300000,4987.119977479000,43376.331526354380
1642265580,43371.570000000000,43371.570000000000,43371.570000000000,43371.570000000000,0.164290000000,7125.515235300000,43371.570000000000
1642265640,43371.570000000000,43378.460000000000,43371.570000000000,43378.460000000000,1.541295360000,66852.004500945600,43373.908879441251
1642265700,43362.200000000000,43367.360000000000,43362.200000000000,43367.360000000000,0.143167200000,6208.249324608000,43363.628852195196
1642265760,43362.860000000000,43362.860000000000,43338.470000000000,43362.100000000000,0.323977110000,14042.851631322400,43345.196922468998
1642265820,43360.100000000000,43369.250000000000,43347.700000000000,43347.700000000000,0.055472760000,2405.296520876000,43359.957587760190
1642265880,43364.100000000000,43374.570000000000,43351.930000000000,43352.100000000000,0.081165780000,3519.885835827400,43366.623666123828
1642265940,43366.800000000000,43366.800000000000,43366.800000000000,43366.800000000000,0.004100000000,177.803880000000,43366.800000000000
1642266000,43371.310000000000,43373.000000000000,43371.310000000000,43373.000000000000,0.019650000000,852.271000000000,43372.569974554707
1642266060,43373.000000000000,43400.610000000000,43373.000000000000,43379.860000000000,0.363299280000,15764.694998673400,43393.135815390000
1642266120,43405.370000000000,43416.510000000000,43405.370000000000,43416.510000000000,0.003660000000,158.892284000000,43413.192349726776
1642266180,43384.600000000000,43384.600000000000,43384.600000000000,43384.600000000000,0.002506800000,108.756515280000,43384.600000000000
1642266240,43400.110000000000,43400.110000000000,43388.530000000000,43388.530000000000,0.145490000000,6313.055904900000,43391.682623548010
1642266300,43366.390000000000,43384.240000000000,43366.390000000000,43384.240000000000,1.013292110000,43956.744994482900,43380.131514576681
1642266360,43365.770000000000,43373.800000000000,43365.770000000000,43372.310000000000,0.033170000000,1438.615400700000,43370.979822128430
1642266420,43372.320000000000,43372.320000000000,43363.310000000000,43363.310000000000,0.050620000000,2195.427460300000,43370.751882655077
1642266480,43366.450000000000,43366.450000000000,43357.490000000000,43357.490000000000,0.009870940000,428.019323740600,43361.556623847374
1642266540,43340.540000000000,43341.420000000000,43273.000000000000,43273.000000000000,0.110805280000,4797.925447656000,43300.512824443023
1642266600,43291.750000000000,43323.450000000000,43291.750000000000,43323.290000000000,0.056108420000,2430.312309121800,43314.573982332776
1642266660,43323.450000000000,43345.660000000000,43323.450000000000,43345.660000000000,0.274602810000,11901.522977404600,43340.863763938177
1642266720,43345.190000000000,43345.190000000000,43344.360000000000,43344.360000000000,0.023930000000,1037.245192600000,43344.972528207271
1642266780,43345.660000000000,43345.660000000000,43313.670000000000,43313.670000000000,0.080346890000,3481.511037524000,43330.999339538842
1642266840,43340.640000000000,43340.640000000000,43332.210000000000,43340.560000000000,0.037360000000,1619.180746000000,43339.955728051392
1642266900,43330.230000000000,43330.230000000000,43330.230000000000,43330.230000000000,0.001220000000,52.862880600000,43330.230000000000
1642266960,43332.030000000000,43335.900000000000,43332.030000000000,43335.900000000000,0.007772720000,336.835043172000,43335.543178192447
1642267020,43339.400000000000,43391.910000000000,43338.880000000000,43391.910000000000,4.914573170000,213111.305581252800,43363.136168598911
1642267080,43386.640000000000,43390.990000000000,43379.470000000000,43381.870000000000,0.167006990000,7245.349814633000,43383.512358572537
1642267140,43381.870000000000,43381.870000000000,43364.130000000000,43364.130000000000,0.021840000000,947.405401600000,43379.368205128205
1642267200,43364.130000000000,43381.870000000000,43364.130000000000,43381.870000000000,0.016737330000,726.083593972900,43381.088499354437
1642267260,43383.160000000000,43383.180000000000,43383.160000000000,43383.180000000000,0.017710000000,768.316054200000,43383.176408808583
1642267320,43377.110000000000,43413.970000000000,43371.970000000000,43413.970000000000,0.021094110000,915.483133296700,43399.941182477005
1642267380,43413.970000000000,43413.970000000000,43410.710000000000,43411.910000000000,0.015940000000,692.013281600000,43413.631217063990
1642267440,43411.910000000000,43421.860000000000,43411.910000000000,43421.860000000000,0.037808930000,1641.611806809800,43418.626414706790
1642267500,43427.550000000000,43427.550000000000,43398.550000000000,43427.500000000000,0.026834050000,1165.208655127500,43422.765297355413
1642267560,43427.500000000000,43427.500000000000,43395.950000000000,43408.520000000000,0.017483450000,758.862250827500,43404.605545673194
1642267620,43417.430000000000,43427.550000000000,43417.430000000000,43422.200000000000,0.041589490000,1805.910650210700,43422.284096551797
1642267680,43427.550000000000,43444.090000000000,43426.950000000000,43444.090000000000,0.743768640000,32300.460219256500,43428.101807648814
1642267740,43452.660000000000,43468.950000000000,43402.550000000000,43415.210000000000,3.266195500000,141878.228099781900,43438.375963650033
1642267800,43412.350000000000,43424.080000000000,43412.350000000000,43416.600000000000,0.034030000000,1477.554264000000,43419.167322950338
1642267860,43404.490000000000,43439.600000000000,43399.180000000000,43427.160000000000,0.120904570000,5248.174958840300,43407.581358093412
1642267920,43409.790000000000,43434.510000000000,43409.790000000000,43425.110000000000,0.219237510000,9519.356840422900,43420.292633422537
1642267980,43425.440000000000,43425.440000000000,43394.300000000000,43394.300000000000,0.024490000000,1063.354176300000,43419.933699469171
1642268040,43385.550000000000,43386.460000000000,43356.540000000000,43380.320000000000,0.609489140000,26431.056561943200,43365.918811848231
1642268100,43380.320000000000,43380.320000000000,43360.090000000000,43360.090000000000,0.148408310000,6435.933414247900,43366.395144907317
1642268160,43380.320000000000,43400.940000000000,43380.180000000000,43400.940000000000,0.119610000000,5190.297656200000,43393.509373798177
1642268220,43400.940000000000,43400.940000000000,43394.670000000000,43400.850000000000,0.052499940000,2278.379792419800,43397.759929245634
1642268280,43400.090000000000,43411.210000000000,43394.710000000000,43406.800000000000,0.068799400000,2986.074177493500,43402.619463156655
1642268340,43401.900000000000,43401.900000000000,43401.800000000000,43401.900000000000,0.220431810000,9567.138741258000,43401.806396535963
1642268400,43394.510000000000,43415.700000000000,43394.510000000000,43415.700000000000,0.007760000000,336.861368800000,43409.970206185567
1642268460,43418.990000000000,43437.710000000000,43418.990000000000,43426.910000000000,0.104346720000,4531.904126435200,43431.208249144774
1642268520,43444.840000000000,43444.840000000000,43423.090000000000,43440.490000000000,0.079129980000,3436.800647900400,43432.345716508459
1642268580,43440.490000000000,43448.170000000000,43400.330000000000,43448.170000000000,5.019878410000,217923.025994111100,43412.012840787333
1642268640,43453.890000000000,43468.300000000000,43452.060000000000,43457.640000000000,0.039470000000,1715.367779400000,43460.040015201419
1642268700,43457.300000000000,43521.110000000000,43446.720000000000,43521.110000000000,17.293429510000,752210.732434842800,43496.909158468175
1642268760,43521.110000000000,43563.090000000000,43489.930000000000,43515.670000000000,0.852975290000,37112.881605130000,43509.914109153150
1642268820,43510.820000000000,43510.820000000000,43442.170000000000,43450.540000000000,0.136150000000,5917.966304300000,43466.517108336394
1642268880,43428.410000000000,43428.410000000000,43405.210000000000,43413.830000000000,0.459080000000,19929.680774200000,43412.217422235775
1642268940,43413.930000000000,43473.720000000000,43413.930000000000,43451.550000000000,0.051595860000,2242.392188872200,43460.699925773115
1642269000,43455.050000000000,43483.280000000000,43455.050000000000,43483.280000000000,0.019683680000,855.617956984000,43468.393968201069
1642269060,43472.310000000000,43494.220000000000,43472.310000000000,43494.220000000000,0.099153530000,4311.971182074500,43487.823197767140
1642269120,43495.210000000000,43520.500000000000,43491.120000000000,43496.220000000000,0.404378860000,17590.730929881600,43500.619517750260
1642269180,43515.690000000000,43522.970000000000,43499.690000000000,43505.800000000000,0.086721840000,3774.035604440800,43518.859890897149
1642269240,43505.410000000000,43514.210000000000,43498.560000000000,43514.210000000000,0.024100000000,1048.463990500000,43504.729896265561
1642269300,43518.240000000000,43518.240000000000,43478.660000000000,43478.660000000000,0.034792570000,1513.280794722300,43494.366605349936
1642269360,43476.720000000000,43476.720000000000,43476.720000000000,43476.720000000000,0.003290000000,143.038408800000,43476.720000000000
1642269420,43436.020000000000,43438.300000000000,43391.290000000000,43396.340000000000,0.133197270000,5779.910069817900,43393.607615365541
1642269480,43376.180000000000,43385.290000000000,43376.180000000000,43385.290000000000,0.017448510000,756.893742058400,43378.703514420429
1642269540,43420.990000000000,43427.070000000000,43408.930000000000,43408.930000000000,0.122670000000,5326.918443700000,43424.785552294775
1642269600,43417.390000000000,43417.390000000000,43395.410000000000,43395.410000000000,0.008779640000,381.111945739900,43408.607384801655
1642269660,43395.400000000000,43395.400000000000,43333.330000000000,43333.330000000000,0.105252650000,4564.377047476900,43365.910953091443
1642269720,43348.180000000000,43376.000000000000,43348.180000000000,43376.000000000000,0.008280000000,359.133894397300,43373.658743635266
1642269780,43355.940000000000,43355.940000000000,43320.000000000000,43325.530000000000,0.003151380000,136.596463000000,43344.967284173917
1642269840,43325.630000000000,43342.050000000000,43309.370000000000,43342.050000000000,0.093930000000,4069.962625900000,43329.741572447567
1642269900,43335.690000000000,43335.690000000000,43315.860000000000,43317.090000000000,0.037482290000,1624.017819952300,43327.604048533321
1642269960,43334.300000000000,43334.300000000000,43309.690000000000,43310.590000000000,0.032370000000,1402.247875100000,43319.365928328699
1642270020,43310.880000000000,43339.220000000000,43310.880000000000,43337.100000000000,0.070613220000,3058.860581274000,43318.525642563815
1642270080,43335.270000000000,43357.390000000000,43335.270000000000,43335.640000000000,0.014460000000,626.830199100000,43349.253049792531
1642270140,43334.450000000000,43334.450000000000,43333.490000000000,43333.490000000000,0.005310000000,230.102761500000,43333.853389830508
1642270200,43342.800000000000,43367.160000000000,43341.050000000000,43367.160000000000,0.028422000000,1232.029589800000,43347.744345929210
1642270260,43358.190000000000,43360.770000000000,43335.790000000000,43335.790000000000,0.379247370000,16436.292023903900,43339.237985760851
1642270320,43339.730000000000,43348.290000000000,43339.730000000000,43348.290000000000,0.015710000000,680.977554100000,43346.757103755570
1642270380,43334.270000000000,43338.880000000000,43306.170000000000,43308.370000000000,0.131183620000,5684.039711110500,43328.882913205933
1642270440,43312.470000000000,43312.470000000000,43284.150000000000,43302.470000000000,0.028674500000,1241.307736675000,43289.603538858568
1642270500,43299.150000000000,43306.280000000000,43269.920000000000,43294.440000000000,0.041100920000,1779.504662636800,43295.981273334027
1642270560,43306.890000000000,43332.980000000000,43306.890000000000,43331.580000000000,0.053130000000,2301.730451500000,43322.613429324299
1642270620,43319.220000000000,43320.210000000000,43319.220000000000,43320.210000000000,0.023477040000,1017.020970208800,43319.812472475235
1642270680,43331.480000000000,43346.390000000000,43331.480000000000,43342.230000000000,0.043330000000,1877.955672500000,43340.772501730902
1642270740,43339.010000000000,43339.010000000000,43339.010000000000,43339.010000000000,0.021000000000,910.119210000000,43339.010000000000
1642270800,43351.660000000000,43370.650000000000,43351.660000000000,43370.650000000000,0.494085900000,21419.713489446300,43352.205536418465
1642270860,43380.660000000000,43380.660000000000,43365.900000000000,43369.520000000000,0.095834730000,4157.287745692200,43379.761655218312
1642270920,43366.900000000000,43366.900000000000,43335.440000000000,43335.440000000000,0.023760000000,1029.811455800000,43342.232988215488
1642270980,43351.540000000000,43351.540000000000,43346.270000000000,43346.270000000000,0.020917160000,906.716650219600,43347.980807126780
1642271040,43346.270000000000,43359.300000000000,43346.270000000000,43359.300000000000,0.004190000000,181.667909600000,43357.496324582339
1642271100,43320.510000000000,43320.510000000000,43302.920000000000,43315.740000000000,0.508942650000,22040.821968048600,43307.083751083939
1642271220,43325.980000000000,43325.980000000000,43311.240000000000,43311.380000000000,0.380671140000,16487.593069299400,43311.907147201650
1642271280,43313.250000000000,43313.250000000000,43303.330000000000,43303.330000000000,0.267705570000,11592.625161848100,43303.638253952280
1642271340,43301.440000000000,43303.330000000000,43301.440000000000,43303.330000000000,0.022510700000,974.758748831000,43302.018543670343
1642271400,43303.330000000000,43320.770000000000,43303.330000000000,43320.770000000000,0.096370000000,4173.830041100000,43310.470489778978
1642271460,43321.930000000000,43336.200000000000,43321.930000000000,43336.200000000000,0.072663850000,3148.087914230500,43323.990047740382
1642271520,43336.060000000000,43344.070000000000,43336.060000000000,43344.070000000000,0.006980000000,302.522426200000,43341.321805157593
1642271580,43348.430000000000,43362.120000000000,43348.430000000000,43357.680000000000,0.012020000000,521.091445100000,43352.033702163062
1642271640,43356.800000000000,43357.680000000000,43356.670000000000,43357.680000000000,0.115073650000,4989.315419845500,43357.583772179817
1642271760,43367.250000000000,43367.250000000000,43366.700000000000,43366.700000000000,0.005340000000,231.578860000000,43366.827715355805
1642271820,43347.810000000000,43360.360000000000,43347.810000000000,43359.490000000000,0.180661140000,7833.138348210400,43358.180670233787
1642271880,43338.570000000000,43348.530000000000,43338.570000000000,43348.530000000000,0.005860000000,253.986189213000,43342.353108020478
1642271940,43348.530000000000,43364.630000000000,43345.240000000000,43364.630000000000,0.084961170000,3682.933307230800,43348.429726553907
1642272000,43364.630000000000,43364.630000000000,43364.630000000000,43364.630000000000,0.009640000000,418.035033200000,43364.630000000000
1642272060,43364.630000000000,43367.250000000000,43364.630000000000,43367.250000000000,0.094400000000,4093.848696800000,43367.041279661017
1642272120,43367.250000000000,43398.860000000000,43367.250000000000,43389.710000000000,0.379747970000,16473.233093157400,43379.384208840932
1642272180,43391.640000000000,43404.210000000000,43365.340000000000,43395.010000000000,0.267564050000,11607.109705721200,43380.677283518469
1642272240,43399.800000000000,43399.800000000000,43383.830000000000,43383.830000000000,0.017473580000,758.171530356400,43389.593337850629
1642272300,43374.430000000000,43374.430000000000,43362.420000000000,43362.420000000000,0.029899850000,1296.655173986500,43366.611337063564
1642272360,43381.030000000000,43382.390000000000,43381.030000000000,43382.390000000000,0.005767740000,250.216700498600,43382.104688942289
1642272420,43380.880000000000,43395.460000000000,43373.290000000000,43379.750000000000,0.102458630000,4444.643143049600,43379.880670370080
1642272480,43393.050000000000,43395.500000000000,43392.910000000000,43393.410000000000,0.018910000000,820.565409000000,43393.199841353781
1642272540,43379.600000000000,43379.600000000000,43326.460000000000,43326.460000000000,0.013560000000,587.945966200000,43358.847064896755
1642272600,43325.640000000000,43359.770000000000,43325.640000000000,43359.770000000000,0.039399080000,1708.052000011200,43352.585898229096
1642272660,43359.770000000000,43369.020000000000,43359.770000000000,43369.020000000000,0.002190000000,94.968903800000,43364.796255707763
1642272720,43348.830000000000,43389.510000000000,43348.830000000000,43389.510000000000,0.049397450000,2142.354937683500,43369.747581778007
1642272780,43393.150000000000,43393.150000000000,43376.290000000000,43376.290000000000,0.385791230000,16737.549841272100,43384.993073253894
1642272840,43380.290000000000,43393.600000000000,43365.720000000000,43365.720000000000,1.113530000000,48291.450541700000,43367.893583199375
1642272900,43393.600000000000,43393.600000000000,43388.200000000000,43388.760000000000,0.077412320000,3359.137989960400,43392.808663535726
1642272960,43397.000000000000,43397.010000000000,43393.780000000000,43397.010000000000,0.013050000000,566.316288600000,43395.884183908046
1642273020,43380.980000000000,43380.980000000000,43376.350000000000,43376.350000000000,0.004106970000,178.151234230600,43377.778320903245
1642273080,43386.050000000000,43391.500000000000,43386.050000000000,43391.500000000000,0.219049030000,9504.251256778000,43388.693648988083
1642273140,43393.510000000000,43395.510000000000,43376.560000000000,43387.300000000000,0.018393910000,798.033068249600,43385.722135728619
1642273200,43361.790000000000,43380.500000000000,43358.170000000000,43358.170000000000,0.013220000000,573.272820700000,43364.056028744327
1642273260,43365.440000000000,43368.660000000000,43359.060000000000,43361.090000000000,0.022722900000,985.303498574000,43361.696727706411
1642273320,43356.130000000000,43369.690000000000,43356.130000000000,43369.690000000000,0.007900000000,342.541784500000,43359.719556962025
1642273380,43369.690000000000,43370.310000000000,43352.180000000000,43364.100000000000,0.179567090000,7785.317475097900,43356.037429229933
1642273440,43371.480000000000,43371.480000000000,43342.800000000000,43356.480000000000,0.197610000000,8566.625032800000,43351.171665401548
1642273500,43356.210000000000,43356.480000000000,43356.210000000000,43356.480000000000,0.142437920000,6175.571390983200,43356.231198708883
1642273560,43365.070000000000,43365.070000000000,43365.070000000000,43365.070000000000,0.000670000000,29.054596900000,43365.070000000000
1642273620,43371.480000000000,43371.480000000000,43367.380000000000,43371.480000000000,0.092210000000,3998.952070800000,43367.878438347251
1642273680,43371.480000000000,43384.500000000000,43371.480000000000,43384.500000000000,0.011689990000,507.075965355000,43376.937478560717
1642273740,43388.840000000000,43416.130000000000,43388.840000000000,43416.130000000000,0.094569700000,4104.238410261000,43399.084593278820
1642273800,43416.130000000000,43434.220000000000,43405.660000000000,43434.220000000000,0.073758500000,3202.797733651000,43422.761222787882
1642273860,43414.920000000000,43454.610000000000,43414.920000000000,43454.610000000000,0.054490000000,2367.077965300000,43440.593967700496
1642273920,43428.350000000000,43428.350000000000,43422.060000000000,43422.060000000000,0.002962970000,128.670042099500,43426.036071745580
1642273980,43433.210000000000,43433.210000000000,43433.210000000000,43433.210000000000,0.010830000000,470.381664300000,43433.210000000000
1642274040,43418.040000000000,43418.040000000000,43393.240000000000,43393.240000000000,0.081512320000,3539.061220236100,43417.500817497281
1642274100,43398.060000000000,43408.870000000000,43398.060000000000,43408.870000000000,0.038470000000,1669.714803900000,43403.036233428645
1642274160,43408.870000000000,43408.870000000000,43408.870000000000,43408.870000000000,0.084376750000,3662.699371772500,43408.870000000000
1642274220,43408.870000000000,43424.020000000000,43408.870000000000,43424.020000000000,0.335893250000,14581.178344927500,43410.155890085615
1642274280,43416.490000000000,43421.780000000000,43393.240000000000,43393.240000000000,0.026120000000,1133.748896200000,43405.394188361409
1642274340,43383.440000000000,43383.440000000000,43383.440000000000,43383.440000000000,0.003749580000,162.669678955200,43383.440000000000
1642274400,43407.830000000000,43418.970000000000,43407.830000000000,43418.970000000000,0.003772350000,163.767608302000,43412.622980900500
1642274460,43434.220000000000,43441.830000000000,43434.220000000000,43441.830000000000,0.001564940000,67.979671940200,43439.155456567025
1642274520,43443.220000000000,43443.220000000000,43431.030000000000,43440.340000000000,0.007272900000,315.940181191000,43440.743196111592
1642274580,43440.340000000000,43440.340000000000,43438.840000000000,43438.840000000000,0.037590000000,1632.912270400000,43440.071040170258
1642274640,43435.880000000000,43435.880000000000,43429.670000000000,43429.670000000000,0.020078840000,872.108992682800,43434.231892021650
1642274700,43430.360000000000,43435.820000000000,43415.120000000000,43435.820000000000,0.024971870000,1084.507469274400,43429.165267735255
1642274760,43440.340000000000,43451.960000000000,43440.340000000000,43447.430000000000,0.052830000000,2294.984841000000,43440.939636570131
1642274820,43454.210000000000,43462.060000000000,43453.440000000000,43453.440000000000,0.013720000000,596.228410900000,43456.881260932945
1642274880,43454.410000000000,43454.410000000000,43431.200000000000,43431.420000000000,0.028630000000,1243.623466100000,43437.773877052043
1642274940,43431.420000000000,43440.520000000000,43430.210000000000,43430.210000000000,0.301488570000,13094.409988282400,43432.525446262855
1642275000,43420.120000000000,43420.120000000000,43420.000000000000,43420.000000000000,0.100000000000,4342.009720000000,43420.097200000000
1642275060,43436.760000000000,43456.920000000000,43436.760000000000,43456.920000000000,0.013210000000,573.812095600000,43437.705950037850
1642275120,43459.910000000000,43459.910000000000,43444.780000000000,43457.620000000000,0.011812260000,513.329007202800,43457.306832291196
1642275180,43459.920000000000,43461.740000000000,43447.210000000000,43460.050000000000,0.022520000000,978.579426800000,43453.793374777975
1642275240,43467.720000000000,43467.720000000000,43467.720000000000,43467.720000000000,0.045320000000,1969.957070400000,43467.720000000000
1642275300,43458.140000000000,43463.340000000000,43458.140000000000,43463.340000000000,0.027532670000,1196.637981317800,43462.474991266739
1642275360,43443.250000000000,43470.200000000000,43443.240000000000,43454.350000000000,0.223826270000,9725.488184760400,43451.057754571883
1642275420,43456.250000000000,43456.250000000000,43438.430000000000,43456.250000000000,0.058830550000,2556.270315036500,43451.409429905041
1642275480,43456.250000000000,43456.250000000000,43451.900000000000,43451.900000000000,0.021172610000,920.068182812500,43455.586383185635
1642275540,43451.800000000000,43451.800000000000,43442.140000000000,43448.610000000000,0.081986890000,3562.415234244600,43451.035089202677
1642275600,43442.600000000000,43468.950000000000,43442.600000000000,43468.950000000000,0.062552690000,2717.789184723600,43447.998554875897
1642275660,43468.950000000000,43490.030000000000,43460.930000000000,43490.030000000000,0.090445080000,3930.960537685300,43462.403236143967
1642275720,43479.600000000000,43479.600000000000,43467.460000000000,43467.460000000000,0.101527460000,4413.710959816000,43473.075755229176
1642275780,43495.140000000000,43495.720000000000,43495.140000000000,43495.720000000000,0.007020000000,305.339618000000,43495.672079772080
1642275840,43495.720000000000,43499.330000000000,43489.700000000000,43499.330000000000,0.188000780000,8177.626614987400,43497.833439772963
1642275900,43497.460000000000,43528.640000000000,43497.460000000000,43517.650000000000,0.608562460000,26474.798183441200,43503.830623139653
1642275960,43537.820000000000,43546.610000000000,43537.480000000000,43546.610000000000,0.011618930000,505.893011112700,43540.413025356035
1642276020,43523.120000000000,43573.330000000000,43468.570000000000,43495.590000000000,3.151391180000,137311.835915523600,43571.815770431774
1642276080,43495.590000000000,43508.710000000000,43460.930000000000,43460.930000000000,0.138585510000,6026.637108324300,43486.776563612603
1642276140,43475.250000000000,43489.660000000000,43475.250000000000,43489.240000000000,0.030620000000,1331.639299100000,43489.199839973873
1642276200,43489.260000000000,43489.260000000000,43483.730000000000,43487.290000000000,0.016780000000,729.715113900000,43487.193915375447
1642276260,43487.290000000000,43493.810000000000,43487.290000000000,43488.680000000000,3.080700790000,133973.828977573400,43488.101607418161
1642276320,43454.470000000000,43454.470000000000,43450.000000000000,43450.000000000000,0.108640000000,4720.780973200000,43453.433111192930
1642276380,43477.810000000000,43477.810000000000,43448.660000000000,43448.660000000000,0.015196040000,660.608566306400,43472.415596852864
1642276440,43456.800000000000,43480.720000000000,43456.790000000000,43468.880000000000,0.039450000000,1714.946544400000,43471.395295310520
1642276500,43465.240000000000,43480.720000000000,43465.240000000000,43480.720000000000,0.050539020000,2197.214916514000,43475.613823022290
1642276560,43493.940000000000,43493.940000000000,43486.790000000000,43489.570000000000,0.017680000000,768.915711400000,43490.707658371040
1642276620,43502.200000000000,43533.440000000000,43484.070000000000,43533.320000000000,0.073750910000,3208.216140059500,43500.699043028757
1642276680,43541.720000000000,43541.720000000000,43521.160000000000,43521.160000000000,0.025700000000,1118.775484000000,43532.120000000000
1642276740,43543.500000000000,43565.830000000000,43543.500000000000,43565.830000000000,0.033256740000,1448.604193294200,43558.213862639573
1642276800,43565.830000000000,43651.860000000000,43560.280000000000,43614.520000000000,5.696394660000,248476.446344214000,43619.949314434263
1642276860,43614.570000000000,43614.570000000000,43560.890000000000,43579.030000000000,0.131461940000,5726.913307712100,43563.280046773234
1642276920,43569.010000000000,43621.610000000000,43555.000000000000,43621.610000000000,1.129491070000,49230.920944910300,43586.817330844678
1642276980,43606.250000000000,43683.770000000000,43606.250000000000,43660.190000000000,3.308812720000,144512.730845903700,43675.101335413054
1642277040,43650.690000000000,43688.110000000000,43621.260000000000,43688.110000000000,9.285991150000,405639.957283720200,43683.000633025609
1642277100,43685.860000000000,43741.110000000000,43685.860000000000,43730.200000000000,5.170184120000,226050.509626586700,43721.945752792011
1642277160,43699.260000000000,43730.280000000000,43695.660000000000,43695.660000000000,0.414181230000,18100.907934830000,43702.868753443994
1642277220,43738.890000000000,43738.890000000000,43686.700000000000,43706.730000000000,0.011153050000,487.406445713100,43701.628318092360
1642277280,43687.080000000000,43782.860000000000,43687.080000000000,43775.420000000000,7.646453830000,334355.608046868000,43726.885100000402
1642277340,43782.860000000000,43782.860000000000,43751.420000000000,43776.640000000000,0.075931360000,3322.845356631200,43761.172677944923
1642277400,43751.620000000000,43777.660000000000,43751.620000000000,43777.660000000000,0.024580000000,1076.009193100000,43775.801183889341
1642277460,43777.660000000000,43782.840000000000,43758.500000000000,43758.500000000000,0.165521520000,7245.246837745300,43772.234799108296
1642277520,43737.020000000000,43737.020000000000,43698.390000000000,43698.390000000000,0.217891240000,9527.214518760500,43724.633072722428
1642277580,43684.960000000000,43684.960000000000,43649.490000000000,43681.470000000000,0.173383040000,7572.178180194400,43673.119240465503
1642277640,43692.750000000000,43692.750000000000,43692.750000000000,43692.750000000000,0.000465090000,20.321061097500,43692.750000000000
1642277700,43696.770000000000,43729.120000000000,43682.640000000000,43724.470000000000,1.855807450000,81075.584596204100,43687.498181023090
1642277760,43699.360000000000,43699.360000000000,43660.730000000000,43660.730000000000,0.077583810000,3388.207307571500,43671.576680386024
1642277820,43649.650000000000,43669.390000000000,43627.180000000000,43642.390000000000,0.039939900000,1742.920835782000,43638.587872828925
1642277880,43653.830000000000,43671.300000000000,43640.270000000000,43656.120000000000,0.039460000000,1722.272809600000,43646.041804358844
1642277940,43668.600000000000,43668.610000000000,43666.740000000000,43666.740000000000,0.062711810000,2738.532986799400,43668.536864099442
1642278000,43659.430000000000,43698.870000000000,43659.430000000000,43698.870000000000,0.024896900000,1087.250886767000,43670.131091300524
1642278060,43696.450000000000,43696.450000000000,43657.620000000000,43693.560000000000,0.052160000000,2277.879210700000,43670.997137653373
1642278120,43693.560000000000,43709.420000000000,43653.590000000000,43709.420000000000,5.018850000000,219127.103082092800,43660.819327553683
1642278180,43699.610000000000,43726.500000000000,43699.610000000000,43726.500000000000,0.563712460000,24637.363158116000,43705.550092179974
1642278240,43712.870000000000,43728.230000000000,43712.870000000000,43728.230000000000,0.066552730000,2909.367218535100,43715.219774381907
1642278300,43711.260000000000,43716.400000000000,43679.450000000000,43716.390000000000,0.031037200000,1356.447439512000,43703.924307347313
1642278360,43716.390000000000,43731.530000000000,43712.190000000000,43731.530000000000,0.124266030000,5433.785714631700,43727.040403815105
1642278420,43726.910000000000,43731.540000000000,43704.390000000000,43731.540000000000,0.519778930000,22725.638099077500,43721.737814723463
1642278480,43770.730000000000,43826.800000000000,43770.730000000000,43785.280000000000,2.959701380000,129601.351150126000,43788.657878088364
1642278540,43774.340000000000,43780.890000000000,43726.800000000000,43731.240000000000,1.248329370000,54642.757112413500,43772.708089383093
1642278600,43720.680000000000,43737.910000000000,43711.630000000000,43737.680000000000,0.499055890000,21820.056036383500,43722.670092889797
1642278660,43726.800000000000,43747.050000000000,43726.800000000000,43744.980000000000,0.200136170000,8751.520822945000,43727.832020293981
1642278720,43745.060000000000,43745.070000000000,43742.560000000000,43742.560000000000,0.032570000000,1424.723532800000,43743.430543444888
1642278780,43714.120000000000,43725.810000000000,43714.120000000000,43723.600000000000,0.025491220000,1114.542023426400,43722.584616444407
1642278840,43717.170000000000,43717.170000000000,43671.080000000000,43691.860000000000,0.378337550000,16523.128162832400,43672.979757976442
1642278900,43679.000000000000,43693.430000000000,43679.000000000000,43693.430000000000,0.104365660000,4559.222263154000,43685.080544251816
1642278960,43673.400000000000,43673.400000000000,43666.410000000000,43666.410000000000,0.006910000000,301.752531300000,43668.962561505065
1642279020,43654.660000000000,43663.720000000000,43628.790000000000,43663.720000000000,0.060180000000,2627.061449200000,43653.397294782320
1642279080,43679.730000000000,43689.460000000000,43676.760000000000,43688.840000000000,0.018952740000,827.959097620400,43685.456436399170
1642279140,43663.830000000000,43674.590000000000,43663.830000000000,43665.310000000000,0.147250000000,6429.708198900000,43665.250926315790
1642279200,43666.350000000000,43666.350000000000,43634.610000000000,43653.350000000000,0.235309740000,10268.564752453000,43638.502819530547
1642279260,43653.350000000000,43653.350000000000,43625.280000000000,43636.630000000000,0.082438490000,3598.330941761800,43648.676022108120
1642279320,43636.630000000000,43636.630000000000,43609.840000000000,43630.300000000000,1.006110000000,43876.419799500000,43609.962926022005
1642279380,43632.720000000000,43643.960000000000,43632.720000000000,43634.090000000000,0.024070000000,1050.296985553000,43635.105340797674
1642279440,43617.530000000000,43632.940000000000,43613.190000000000,43632.940000000000,0.066580490000,2904.668237417100,43626.417249514084
1642279500,43632.940000000000,43632.940000000000,43582.240000000000,43601.500000000000,0.200628320000,8749.215465029300,43609.075054953858
1642279560,43600.430000000000,43613.190000000000,43600.430000000000,43613.190000000000,0.003370710000,146.972511005300,43602.834715920385
1642279620,43613.190000000000,43613.190000000000,43613.180000000000,43613.180000000000,0.111060000000,4843.680255900000,43613.184367909238
1642279680,43613.190000000000,43613.190000000000,43613.190000000000,43613.190000000000,0.191960330000,8372.002344752700,43613.190000000000
1642279740,43638.260000000000,43638.260000000000,43628.510000000000,43631.640000000000,0.013420000000,585.503151800000,43629.146929955291
1642279800,43637.750000000000,43637.750000000000,43633.040000000000,43637.530000000000,0.043266480000,1887.957498566700,43635.569581040565
1642279860,43625.220000000000,43625.220000000000,43614.360000000000,43614.360000000000,0.045030000000,1964.364595800000,43623.464263824117
1642279920,43616.370000000000,43625.180000000000,43588.170000000000,43608.210000000000,0.223280000000,9739.994879100000,43622.334643049086
1642279980,43607.810000000000,43613.570000000000,43599.990000000000,43599.990000000000,0.047350000000,2064.875790300000,43608.781210137276
1642280040,43599.990000000000,43599.990000000000,43550.000000000000,43568.830000000000,0.429071650000,18687.030343162000,43552.237355141036
1642280100,43568.830000000000,43573.220000000000,43568.810000000000,43568.810000000000,0.015820000000,689.299045700000,43571.368249051833
1642280160,43567.490000000000,43567.620000000000,43535.810000000000,43561.720000000000,0.221880000000,9661.563304600000,43544.092773571300
1642280220,43559.320000000000,43570.180000000000,43559.320000000000,43570.180000000000,0.378261400000,16476.863620552000,43559.463430717489
1642280280,43545.180000000000,43561.810000000000,43508.010000000000,43508.010000000000,1.255950060000,54677.095804260000,43534.450569045715
1642280340,43495.880000000000,43531.000000000000,43495.880000000000,43531.000000000000,0.021950000000,955.093234500000,43512.220250569476
1642280400,43507.490000000000,43507.490000000000,43480.000000000000,43502.530000000000,0.711782520000,30955.682493936400,43490.366262347100
1642280460,43495.280000000000,43515.160000000000,43477.030000000000,43477.030000000000,1.149397130000,49998.449567085900,43499.716731575535
1642280520,43497.830000000000,43508.190000000000,43487.050000000000,43498.070000000000,0.352348800000,15323.004073143400,43488.168749669078
1642280580,43495.680000000000,43521.080000000000,43491.140000000000,43521.080000000000,0.544824250000,23696.064307945000,43493.042587485782
1642280640,43531.000000000000,43531.810000000000,43500.270000000000,43500.270000000000,1.084408090000,47185.112245548300,43512.320389963432
1642280700,43513.410000000000,43522.690000000000,43512.130000000000,43522.690000000000,0.022230000000,967.488942200000,43521.769779577148
1642280760,43504.940000000000,43507.400000000000,43504.940000000000,43507.400000000000,0.013380000000,582.125824700000,43507.161786248131
1642280820,43506.470000000000,43506.470000000000,43476.850000000000,43491.680000000000,0.013700260000,595.848702708200,43491.780645637382
1642280880,43491.680000000000,43494.860000000000,43479.080000000000,43490.390000000000,0.231109660000,10050.575168312800,43488.338688710805
1642280940,43478.380000000000,43478.450000000000,43447.730000000000,43478.450000000000,0.989650000000,43000.168164908000,43449.874364581418
1642281000,43478.510000000000,43490.050000000000,43478.510000000000,43482.240000000000,0.011740000000,510.499734100000,43483.793364565588
1642281060,43477.850000000000,43477.890000000000,43477.850000000000,43477.890000000000,0.016250000000,706.515624500000,43477.884584615384
1642281120,43480.480000000000,43485.290000000000,43475.920000000000,43475.920000000000,0.021775760000,946.858262370400,43482.214277269772
1642281180,43479.260000000000,43479.260000000000,43459.030000000000,43459.030000000000,0.031192000000,1355.599438122000,43459.843489420364
1642281240,43473.090000000000,43473.090000000000,43433.900000000000,43449.350000000000,0.405909280000,17635.079964944200,43445.865452852420
1642281300,43459.690000000000,43528.540000000000,43459.690000000000,43519.580000000000,0.008216650000,357.550862791000,43515.406253278404
1642281360,43519.510000000000,43528.540000000000,43519.510000000000,43528.540000000000,0.192651960000,8385.773647499200,43528.099311832592
1642281420,43537.960000000000,43551.700000000000,43529.720000000000,43529.920000000000,0.017279010000,752.411519126000,43544.828038527671
1642281480,43529.920000000000,43529.930000000000,43521.890000000000,43521.890000000000,0.058750000000,2557.341091300000,43529.210064680851
1642281540,43512.940000000000,43519.730000000000,43512.940000000000,43519.730000000000,0.004920000000,214.087603000000,43513.740447154472
1642281600,43514.310000000000,43517.540000000000,43483.780000000000,43491.820000000000,0.020380000000,886.497615300000,43498.410956820412
1642281660,43491.690000000000,43491.770000000000,43486.940000000000,43486.940000000000,0.030890000000,1343.317913100000,43487.145131110392
1642281720,43486.940000000000,43491.380000000000,43468.850000000000,43491.380000000000,0.043650000000,1897.839105100000,43478.559108820161
1642281780,43460.110000000000,43470.310000000000,43426.120000000000,43434.660000000000,0.693470000000,30122.119815174000,43436.803055898597
1642281840,43442.990000000000,43447.730000000000,43442.990000000000,43447.730000000000,0.008540000000,371.033404200000,43446.534449648712
1642281900,43444.060000000000,43444.060000000000,43399.330000000000,43399.330000000000,0.247801950000,10755.807876485000,43404.855678032396
1642281960,43413.290000000000,43413.290000000000,43405.860000000000,43405.860000000000,0.002450000000,106.351935600000,43408.953306122449
1642282020,43400.320000000000,43408.410000000000,43400.320000000000,43408.410000000000,0.010740000000,466.129811300000,43401.285968342644
1642282080,43414.610000000000,43414.610000000000,43408.800000000000,43411.170000000000,0.048018360000,2084.520485881200,43410.905451189920
1642282140,43411.170000000000,43414.390000000000,43347.160000000000,43365.710000000000,2.241985720000,97199.498660910700,43354.200606108543
1642282200,43382.590000000000,43392.150000000000,43358.120000000000,43392.150000000000,0.152486080000,6612.157996867200,43362.371154581454
1642282260,43391.680000000000,43391.680000000000,43322.930000000000,43338.790000000000,5.274393080000,228695.984002523400,43359.677698220286
1642282320,43339.770000000000,43346.710000000000,43306.990000000000,43328.330000000000,0.838745220000,36329.437819143300,43314.032620231565
1642282380,43337.010000000000,43359.740000000000,43330.380000000000,43331.810000000000,0.913490000000,39595.936123400000,43345.779508697413
1642282440,43307.930000000000,43338.870000000000,43307.930000000000,43338.870000000000,0.013600000000,589.005793200000,43309.249500000000
1642282500,43342.910000000000,43376.090000000000,43342.910000000000,43368.000000000000,0.024630000000,1068.215156700000,43370.489512789281
1642282560,43368.960000000000,43368.960000000000,43345.070000000000,43348.480000000000,0.022400000000,971.186452800000,43356.538071428572
1642282620,43348.480000000000,43348.480000000000,43328.260000000000,43337.860000000000,0.002420000000,104.880453200000,43339.030247933884
1642282680,43301.580000000000,43317.040000000000,43262.700000000000,43317.030000000000,4.984022310000,215697.769712642100,43277.849956623107
1642282740,43286.240000000000,43307.830000000000,43256.700000000000,43261.830000000000,6.064317130000,262390.298213601900,43267.905122501715
1642282800,43254.870000000000,43270.000000000000,43254.870000000000,43270.000000000000,8.112135800000,351011.357666000000,43269.906510440814
1642282860,43265.480000000000,43265.490000000000,43246.720000000000,43255.810000000000,0.604771430000,26158.950689709600,43254.276561492993
1642282920,43240.000000000000,43266.990000000000,43240.000000000000,43240.000000000000,0.131511340000,5687.661365800000,43248.448124701642
1642282980,43247.270000000000,43260.190000000000,43247.270000000000,43256.540000000000,0.037941300000,1641.044807351000,43252.202938512914
1642283040,43256.560000000000,43303.570000000000,43240.620000000000,43279.040000000000,1.934036280000,83671.531344022800,43262.648280839283
1642283100,43273.070000000000,43274.120000000000,43250.020000000000,43250.020000000000,0.399175400000,17271.685532766000,43268.411662557361
1642283160,43221.050000000000,43255.050000000000,43165.290000000000,43255.050000000000,6.540132220000,282573.751265392100,43206.122102741235
1642283220,43260.910000000000,43260.930000000000,43241.310000000000,43241.310000000000,0.016060000000,694.760701200000,43260.317633872976
1642283280,43254.010000000000,43257.570000000000,43229.310000000000,43235.450000000000,0.273993540000,11846.230210012500,43235.436171277980
1642283340,43251.780000000000,43251.780000000000,43243.750000000000,43246.860000000000,0.068060000000,2943.227991882700,43244.607579822216
1642283400,43253.560000000000,43301.800000000000,43238.880000000000,43283.830000000000,0.119065000000,5153.116552200000,43279.860178893882
1642283460,43283.830000000000,43283.830000000000,43239.510000000000,43260.780000000000,0.249301390000,10784.931121755800,43260.613676304813
1642283520,43261.960000000000,43261.960000000000,43261.960000000000,43261.960000000000,0.101939910000,4410.120308823600,43261.960000000000
1642283580,43255.070000000000,43268.610000000000,43255.070000000000,43268.610000000000,0.085877080000,3715.439207024700,43264.619698581973
1642283640,43271.700000000000,43288.230000000000,43271.700000000000,43275.940000000000,0.176411960000,7634.701043619400,43277.683914511239
1642283700,43284.990000000000,43312.960000000000,43284.990000000000,43310.950000000000,0.060042510000,2600.286918012900,43307.431984653873
1642283760,43310.970000000000,43349.140000000000,43310.970000000000,43340.180000000000,0.091079800000,3948.097957940000,43347.679265215777
1642283820,43333.270000000000,43375.200000000000,43333.270000000000,43348.710000000000,5.337952160000,231457.749383567500,43360.776276340308
1642283880,43355.250000000000,43363.790000000000,43350.600000000000,43363.790000000000,0.049680000000,2153.842733269700,43354.322328295089
1642283940,43362.490000000000,43367.090000000000,43341.150000000000,43341.150000000000,1.160685440000,50332.300308173600,43364.290249194130
1642284000,43345.930000000000,43378.630000000000,43345.930000000000,43378.630000000000,0.018630000000,807.766488900000,43358.372995169082
1642284060,43379.070000000000,43384.870000000000,43361.720000000000,43367.840000000000,0.280578920000,12166.478418672400,43362.054493161497
1642284120,43367.840000000000,43372.220000000000,43348.440000000000,43372.220000000000,0.116540000000,5052.180077153400,43351.467969395916
1642284180,43372.220000000000,43372.220000000000,43339.720000000000,43352.620000000000,0.421442360000,18268.940389439200,43348.609735004332
1642284240,43324.640000000000,43324.640000000000,43320.080000000000,43320.080000000000,0.003750000000,162.460332000000,43322.755200000000
1642284300,43320.080000000000,43320.080000000000,43298.860000000000,43300.100000000000,0.023538720000,1019.652420526600,43318.091235487741
1642284360,43291.550000000000,43291.550000000000,43288.370000000000,43288.380000000000,0.066683210000,2886.670075899800,43289.308896494335
1642284420,43288.280000000000,43295.310000000000,43282.960000000000,43295.310000000000,0.017630000000,763.181582400000,43288.802178105502
1642284480,43275.610000000000,43300.190000000000,43261.130000000000,43300.190000000000,0.022570000000,976.796359900000,43278.527244129376
1642284540,43310.340000000000,43310.340000000000,43310.340000000000,43310.340000000000,0.004110000000,178.005497400000,43310.340000000000
1642284600,43310.340000000000,43334.660000000000,43310.340000000000,43328.110000000000,0.086139870000,3731.753475289700,43322.023533233798
1642284660,43332.450000000000,43352.630000000000,43332.450000000000,43352.630000000000,0.082200000000,3562.669700200000,43341.480537712895
1642284720,43356.300000000000,43370.000000000000,43354.810000000000,43370.000000000000,0.029482740000,1278.244059462000,43355.673843815060
1642284780,43370.000000000000,43395.880000000000,43366.920000000000,43395.870000000000,0.055620520000,2412.230562398400,43369.435639911313
1642284840,43411.050000000000,43425.930000000000,43404.810000000000,43413.010000000000,0.023130000000,1004.053363700000,43409.138076091656
1642284900,43407.070000000000,43407.070000000000,43349.700000000000,43349.700000000000,0.026426240000,1146.838261128000,43397.708532428374
1642284960,43370.830000000000,43398.200000000000,43370.830000000000,43398.200000000000,0.264264950000,11468.383187890000,43397.291952224463
1642285020,43380.690000000000,43380.700000000000,43380.690000000000,43380.700000000000,0.023190000000,1005.998387289300,43380.698028861578
1642285080,43364.140000000000,43380.360000000000,43364.140000000000,43380.360000000000,0.005920000000,256.741368600000,43368.474425675675
1642285140,43368.450000000000,43414.020000000000,43368.450000000000,43414.020000000000,0.241484850000,10475.145963625600,43378.066837839309
1642285200,43415.050000000000,43415.050000000000,43360.560000000000,43384.940000000000,0.458965530000,19902.914615502700,43364.726356471040
1642285260,43384.720000000000,43384.720000000000,43354.150000000000,43354.150000000000,0.005920000000,256.735489900000,43367.481402027027
1642285320,43374.870000000000,43374.870000000000,43360.820000000000,43360.830000000000,0.045450000000,1970.843638500000,43362.896336633664
1642285380,43356.290000000000,43356.290000000000,43323.290000000000,43323.290000000000,0.024048980000,1042.605214107200,43353.406843333896
1642285440,43322.710000000000,43327.260000000000,43322.210000000000,43327.260000000000,0.020320000000,880.350095500000,43324.315723425197
1642285500,43322.820000000000,43322.820000000000,43320.310000000000,43320.310000000000,0.007909290000,342.643008197800,43321.588688466348
1642285560,43320.310000000000,43325.050000000000,43320.310000000000,43324.680000000000,0.021110000000,914.500962100000,43320.746665087636
1642285620,43295.670000000000,43295.670000000000,43264.600000000000,43264.600000000000,0.028407890000,1229.612661787500,43284.195404428136
1642285680,43245.690000000000,43255.980000000000,43157.280000000000,43163.160000000000,9.760953640000,421766.795529201300,43209.589050891272
1642285740,43163.460000000000,43178.260000000000,43163.460000000000,43178.260000000000,0.004084200000,176.331372332000,43174.029756623084
1642285800,43178.960000000000,43178.960000000000,43178.960000000000,43178.960000000000,0.015610000000,674.023565600000,43178.960000000000
1642285860,43178.960000000000,43195.540000000000,43178.960000000000,43195.540000000000,0.032810000000,1416.774961200000,43181.193575129534
1642285920,43164.610000000000,43197.070000000000,43162.010000000000,43196.490000000000,1.321573620000,57043.163785309400,43163.061763679424
1642285980,43196.870000000000,43215.170000000000,43196.870000000000,43215.170000000000,0.020810000000,899.085395900000,43204.488029793369
1642286040,43218.560000000000,43218.560000000000,43218.560000000000,43218.560000000000,0.005150000000,222.575584000000,43218.560000000000
1642286100,43220.370000000000,43220.370000000000,43186.930000000000,43208.370000000000,0.072626300000,3138.101597131000,43208.887099177570
1642286160,43208.370000000000,43208.370000000000,43208.360000000000,43208.370000000000,0.028390000000,1226.685465500000,43208.364406481155
1642286220,43208.370000000000,43214.060000000000,43197.900000000000,43214.060000000000,0.032160000000,1389.430355000000,43203.680192786070
1642286280,43214.060000000000,43217.260000000000,43214.060000000000,43217.260000000000,0.014020000000,605.896450200000,43216.579900142653
1642286340,43217.260000000000,43217.270000000000,43217.260000000000,43217.270000000000,0.020260000000,875.581740900000,43217.262630799605
1642286400,43217.260000000000,43217.260000000000,43217.260000000000,43217.260000000000,0.002160000000,93.349281600000,43217.260000000000
1642286460,43217.270000000000,43217.270000000000,43217.260000000000,43217.270000000000,0.004630000000,200.095936600000,43217.264924406048
1642286520,43217.260000000000,43217.260000000000,43217.260000000000,43217.260000000000,0.019114110000,826.059461538600,43217.260000000000
1642286580,43217.260000000000,43217.260000000000,43217.260000000000,43217.260000000000,0.006730000000,290.852159800000,43217.260000000000
1642286640,43217.270000000000,43221.150000000000,43217.270000000000,43221.150000000000,0.021260000000,918.852820600000,43219.794007525870
1642286700,43221.150000000000,43221.150000000000,43221.150000000000,43221.150000000000,0.013772320000,595.255508568000,43221.150000000000
1642286760,43221.120000000000,43221.140000000000,43221.120000000000,43221.140000000000,0.015360000000,663.876587000000,43221.131966145834
1642286820,43207.050000000000,43220.000000000000,43207.050000000000,43220.000000000000,0.203533640000,8796.704129573600,43219.902761890369
1642286880,43220.000000000000,43246.780000000000,43220.000000000000,43246.780000000000,0.105212680000,4547.439604500000,43221.402634169190
1642286940,43251.970000000000,43293.240000000000,43251.970000000000,43293.210000000000,0.229016960000,9912.378200476800,43282.288789776967
1642287000,43293.190000000000,43293.190000000000,43265.670000000000,43293.100000000000,0.022259560000,963.624026205200,43290.344741998494
1642287060,43293.080000000000,43293.080000000000,43293.080000000000,43293.080000000000,0.004340000000,187.891967200000,43293.080000000000
1642287120,43291.120000000000,43291.120000000000,43286.640000000000,43286.640000000000,0.005800000000,251.083568000000,43290.270344827586
1642287180,43291.070000000000,43293.090000000000,43290.570000000000,43290.570000000000,0.147365630000,6379.906790455200,43293.044588858338
1642287300,43285.890000000000,43285.890000000000,43285.890000000000,43285.890000000000,0.008730000000,377.885819700000,43285.890000000000
1642287360,43281.090000000000,43281.090000000000,43281.090000000000,43281.090000000000,0.006880000000,297.773899200000,43281.090000000000
1642287420,43280.860000000000,43280.860000000000,43265.000000000000,43267.570000000000,0.009831150000,425.405222857500,43271.155750598863
1642287480,43267.430000000000,43271.360000000000,43263.590000000000,43263.590000000000,0.013380000000,578.931972900000,43268.458363228700
1642287540,43263.590000000000,43276.070000000000,43263.590000000000,43276.070000000000,0.041720000000,1805.474395849600,43275.992230335571
1642287600,43276.070000000000,43299.340000000000,43270.220000000000,43299.320000000000,0.097860000000,4234.966058100000,43275.761885346414
1642287660,43281.470000000000,43296.070000000000,43248.620000000000,43248.620000000000,0.053250070000,2304.721552442900,43281.099019079223
1642287720,43225.280000000000,43254.080000000000,43206.750000000000,43252.540000000000,0.885748480000,38307.615122356200,43248.863517503524
1642287780,43259.240000000000,43299.340000000000,43259.240000000000,43290.640000000000,0.497789140000,21541.580700591600,43274.509163843149
1642287840,43312.830000000000,43349.890000000000,43312.830000000000,43336.790000000000,0.130378620000,5648.624968255800,43324.779540202220
1642287900,43338.540000000000,43364.810000000000,43338.540000000000,43350.230000000000,0.114301390000,4954.880469070400,43349.258211736532
1642287960,43367.100000000000,43372.260000000000,43319.830000000000,43348.930000000000,0.028650000000,1241.653823400000,43338.702387434555
1642288020,43347.560000000000,43347.560000000000,43315.790000000000,43345.280000000000,0.094510000000,4094.284775873600,43321.180572146863
1642288080,43363.370000000000,43363.370000000000,43361.090000000000,43361.090000000000,0.009849960000,427.112548856400,43361.856175700206
1642288140,43363.340000000000,43363.340000000000,43363.340000000000,43363.340000000000,0.006790000000,294.437078600000,43363.340000000000
1642288200,43359.120000000000,43360.140000000000,43359.120000000000,43360.120000000000,0.036553900000,1584.959719946000,43359.524426832705
1642288260,43339.700000000000,43344.040000000000,43339.700000000000,43344.040000000000,0.002080000000,90.150829200000,43341.744807692308
1642288320,43339.690000000000,43342.800000000000,43339.690000000000,43342.800000000000,0.032076220000,1390.269728092200,43342.692128068706
1642288380,43360.710000000000,43360.710000000000,43359.220000000000,43359.220000000000,0.016160000000,700.699895200000,43360.142029702970
1642288440,43353.500000000000,43364.500000000000,43353.500000000000,43364.500000000000,0.250140000000,10844.526115300000,43353.826318461661
1642288500,43366.190000000000,43382.770000000000,43339.060000000000,43339.060000000000,0.791305360000,34301.655966749600,43348.191103810544
1642288560,43369.100000000000,43383.010000000000,43369.100000000000,43383.010000000000,0.019091660000,828.032051806000,43371.401533758720
1642288620,43383.010000000000,43387.100000000000,43378.580000000000,43387.100000000000,1.281755180000,55610.279602668000,43386.038512181398
1642288680,43392.520000000000,43392.520000000000,43389.440000000000,43389.440000000000,0.035940330000,1559.487752937900,43391.024872000340
1642288740,43387.160000000000,43387.160000000000,43387.150000000000,43387.150000000000,0.002430000000,105.430781700000,43387.152962962963
1642288800,43373.740000000000,43398.990000000000,43373.740000000000,43387.150000000000,0.327685590000,14213.605696006600,43375.742265647384
1642288860,43351.760000000000,43351.760000000000,43321.270000000000,43332.160000000000,0.058629240000,2540.112018174000,43325.003328953266
1642288920,43329.170000000000,43329.170000000000,43322.630000000000,43328.160000000000,0.006940000000,300.678815700000,43325.477766570605
1642288980,43336.650000000000,43336.650000000000,43289.960000000000,43303.670000000000,0.183987390000,7970.772145950500,43322.382832597929
1642289040,43290.250000000000,43294.770000000000,43290.250000000000,43294.770000000000,0.001660000000,71.864346200000,43291.774819277108
1642289100,43289.980000000000,43302.270000000000,43274.690000000000,43297.590000000000,0.208086990000,9006.541871301700,43282.580382856708
1642289160,43266.450000000000,43281.080000000000,43256.060000000000,43280.860000000000,0.065482990000,2833.219278651800,43266.492239462492
1642289220,43283.680000000000,43283.680000000000,43255.680000000000,43255.680000000000,0.888287760000,38431.917536892000,43265.166162924501
1642289280,43258.810000000000,43259.180000000000,43246.030000000000,43259.180000000000,0.224397270000,9707.033518048700,43258.251395164923
1642289340,43241.130000000000,43272.520000000000,43241.130000000000,43272.520000000000,1.166725220000,50450.617076298600,43241.215850548426
1642289400,43272.520000000000,43274.620000000000,43272.520000000000,43274.620000000000,0.007580000000,328.020380600000,43274.456543535620
1642289460,43271.120000000000,43280.990000000000,43271.120000000000,43280.990000000000,0.170820000000,7391.752781900000,43272.174112516099
1642289520,43280.880000000000,43280.880000000000,43260.130000000000,43267.770000000000,0.379257080000,16409.620242730400,43267.801995233418
1642289580,43282.970000000000,43284.180000000000,43282.690000000000,43282.690000000000,1.419110110000,61423.540378220800,43283.139162626923
1642289640,43282.690000000000,43297.580000000000,43265.200000000000,43279.350000000000,0.216040000000,9347.119882700000,43265.690995648953
1642289700,43279.350000000000,43279.350000000000,43272.330000000000,43279.350000000000,0.041251160000,1785.253191546000,43277.648229674026
1642289760,43277.200000000000,43277.200000000000,43199.110000000000,43199.110000000000,5.698123710000,246198.727820299600,43206.981868124376
1642289820,43210.230000000000,43210.230000000000,43142.820000000000,43146.040000000000,2.037911150000,87932.208478763700,43148.205199605341
1642289880,43140.000000000000,43150.540000000000,43140.000000000000,43144.150000000000,0.058411380000,2520.051714807000,43143.163452173190
1642289940,43160.590000000000,43160.590000000000,43160.590000000000,43160.590000000000,0.000500000000,21.580295000000,43160.590000000000
1642290000,43166.950000000000,43182.740000000000,43144.960000000000,43170.150000000000,0.341434820000,14740.088425989400,43171.017021607229
1642290060,43150.120000000000,43152.860000000000,43086.380000000000,43152.860000000000,3.700205920000,159498.955876020100,43105.426920677998
1642290120,43149.960000000000,43158.440000000000,43149.960000000000,43158.440000000000,0.001080000000,46.606196800000,43153.885925925926
1642290180,43139.950000000000,43159.470000000000,43138.940000000000,43159.470000000000,0.910359010000,39281.452150269400,43149.407781738108
1642290240,43159.470000000000,43162.540000000000,43147.240000000000,43147.240000000000,0.004187960000,180.744763668400,43158.187678105808
1642290300,43186.660000000000,43206.060000000000,43186.660000000000,43206.060000000000,0.056037500000,2420.201377350000,43188.960559446799
1642290360,43207.430000000000,43222.160000000000,43207.430000000000,43222.160000000000,0.041450000000,1791.028852400000,43209.381240048251
1642290420,43226.170000000000,43240.280000000000,43226.170000000000,43240.250000000000,0.025140000000,1086.988492700000,43237.410210819411
1642290480,43232.480000000000,43238.290000000000,43214.730000000000,43238.290000000000,0.940903830000,40674.645734220500,43229.333793040783
1642290540,43238.850000000000,43238.850000000000,43197.190000000000,43206.260000000000,0.590055700000,25496.807225943800,43210.848104583686
1642290600,43208.000000000000,43210.680000000000,43208.000000000000,43210.670000000000,0.037298400000,1611.671581612000,43210.206915363662
1642290660,43191.490000000000,43191.490000000000,43159.090000000000,43182.360000000000,1.452769520000,62726.968871717900,43177.508894678559
1642290720,43166.650000000000,43166.650000000000,43166.650000000000,43166.650000000000,0.002630000000,113.528289500000,43166.650000000000
1642290780,43164.040000000000,43164.230000000000,43154.760000000000,43163.270000000000,0.226023250000,9754.038042347200,43155.020743871261
1642290840,43161.410000000000,43165.510000000000,43161.410000000000,43165.510000000000,0.055030000000,2375.324382300000,43164.171948028348
1642290900,43171.860000000000,43175.260000000000,43167.220000000000,43173.950000000000,0.255290830000,11022.119843816800,43174.758152561923
1642290960,43176.650000000000,43176.650000000000,43137.110000000000,43137.110000000000,0.133204470000,5746.336862564900,43139.219446351162
1642291020,43147.460000000000,43147.460000000000,43127.250000000000,43131.180000000000,0.356005900000,15354.441624523300,43129.739210848191
1642291080,43131.180000000000,43144.160000000000,43129.960000000000,43134.280000000000,0.042260000000,1822.859273331200,43134.388862546143
1642291140,43122.820000000000,43122.820000000000,43072.320000000000,43102.010000000000,0.237930000000,10249.501840210000,43077.803724666919
1642291200,43084.770000000000,43131.550000000000,43071.580000000000,43071.580000000000,1.011509130000,43586.499636545100,43090.564725347660